idCanalVisiteur,idCanal,idVisiteurs
1,9,1497
2,33,1497
3,28,1497
4,30,1497
5,42,1497
6,38,169
7,22,169
8,39,354
9,30,354
10,37,354
11,21,354
12,36,354
13,21,469
14,36,469
15,14,469
16,34,469
17,33,1411
18,18,1411
19,36,1511
20,3,1511
21,11,1511
22,29,60
23,25,416
24,34,416
25,13,716
26,14,716
27,23,355
28,24,355
29,31,355
30,14,355
31,32,31
32,3,1281
33,21,859
34,35,859
35,30,859
36,19,859
37,11,859
38,41,1527
39,23,1527
40,33,652
41,9,652
42,40,652
43,29,1504
44,13,375
45,40,375
46,38,352
47,10,352
48,9,352
49,41,352
50,42,352
51,8,1507
52,27,1507
53,29,980
54,5,980
55,14,959
56,36,1503
57,17,1503
58,42,1503
59,8,983
60,36,983
61,32,983
62,14,983
63,37,983
64,12,635
65,8,163
66,26,163
67,32,163
68,41,163
69,4,163
70,10,381
71,2,381
72,25,381
73,33,381
74,37,241
75,34,241
76,7,275
77,32,262
78,20,262
79,17,262
80,21,567
81,34,567
82,39,567
83,12,567
84,14,788
85,42,125
86,40,125
87,13,125
88,11,125
89,36,125
90,11,1008
91,3,1008
92,37,333
93,7,590
94,24,590
95,36,590
96,42,590
97,20,515
98,40,515
99,23,1515
100,34,900
101,25,1485
102,22,1485
103,2,797
104,11,66
105,18,142
106,31,812
107,14,812
108,37,812
109,32,812
110,21,812
111,20,915
112,30,915
113,41,915
114,25,915
115,23,695
116,35,695
117,38,695
118,18,695
119,7,695
120,16,863
121,32,863
122,39,863
123,8,863
124,32,248
125,12,1203
126,21,1203
127,6,1203
128,10,1203
129,31,353
130,40,353
131,17,919
132,23,919
133,12,919
134,33,919
135,13,919
136,29,807
137,28,807
138,6,807
139,33,1433
140,42,1433
141,6,1433
142,18,1433
143,10,1433
144,30,174
145,11,174
146,38,174
147,25,1215
148,17,1215
149,11,1215
150,12,1215
151,18,1215
152,9,1303
153,3,1303
154,13,1303
155,11,1547
156,6,1547
157,36,1547
158,38,781
159,28,781
160,5,614
161,18,614
162,34,614
163,38,614
164,21,1262
165,37,1262
166,4,1262
167,23,552
168,32,552
169,20,552
170,29,430
171,26,793
172,2,793
173,6,793
174,16,793
175,34,24
176,42,24
177,42,1133
178,35,1133
179,26,1133
180,40,1133
181,27,1174
182,31,1174
183,9,1174
184,9,50
185,39,50
186,2,1408
187,19,1408
188,14,1408
189,32,1408
190,8,100
191,30,100
192,40,100
193,29,1115
194,5,1115
195,8,1171
196,15,501
197,33,501
198,22,501
199,37,583
200,6,583
201,10,583
202,15,583
203,22,968
204,36,968
205,27,968
206,20,1214
207,38,1214
208,17,1214
209,29,1455
210,25,1455
211,4,1455
212,27,1455
213,3,1157
214,30,1157
215,25,1157
216,37,1157
217,10,272
218,33,272
219,9,272
220,42,523
221,18,523
222,20,523
223,25,200
224,12,200
225,34,1273
226,18,1273
227,3,1273
228,35,1273
229,26,830
230,11,680
231,42,680
232,13,680
233,39,680
234,2,765
235,5,765
236,25,765
237,14,765
238,38,765
239,25,383
240,23,383
241,5,383
242,23,238
243,21,240
244,25,52
245,37,71
246,5,71
247,10,1244
248,30,1244
249,4,1244
250,17,1244
251,14,77
252,28,77
253,23,77
254,11,77
255,21,77
256,2,994
257,11,1103
258,30,1103
259,3,1103
260,27,1103
261,6,1103
262,6,860
263,33,860
264,14,860
265,2,860
266,38,860
267,32,579
268,23,931
269,9,931
270,39,931
271,12,931
272,41,931
273,30,1357
274,39,1357
275,41,1357
276,18,1357
277,25,1357
278,42,136
279,38,1001
280,19,1001
281,36,1001
282,2,1001
283,41,768
284,32,768
285,10,768
286,17,768
287,26,317
288,35,317
289,21,317
290,41,498
291,40,1183
292,15,819
293,27,1025
294,17,1025
295,6,368
296,14,368
297,39,368
298,18,368
299,7,368
300,2,124
301,17,124
302,29,124
303,2,245
304,39,245
305,11,245
306,41,245
307,21,245
308,2,535
309,23,535
310,30,221
311,20,1334
312,3,1334
313,25,1334
314,17,186
315,4,186
316,10,186
317,10,723
318,11,723
319,36,1106
320,24,1106
321,20,1106
322,4,1062
323,20,1102
324,14,1102
325,6,608
326,42,608
327,4,68
328,17,68
329,36,1524
330,5,30
331,9,30
332,21,30
333,26,30
334,25,715
335,33,715
336,18,715
337,19,715
338,3,715
339,40,536
340,32,536
341,16,536
342,20,536
343,41,536
344,30,421
345,1,421
346,37,421
347,31,702
348,20,702
349,11,204
350,18,1125
351,17,1125
352,37,1125
353,15,1472
354,12,1472
355,5,1472
356,16,576
357,4,576
358,35,576
359,28,576
360,30,417
361,41,417
362,18,417
363,6,545
364,23,545
365,35,679
366,26,679
367,14,679
368,22,1056
369,12,1247
370,40,909
371,22,909
372,13,909
373,17,260
374,13,260
375,25,260
376,28,1048
377,38,1048
378,16,1048
379,36,176
380,9,176
381,16,1345
382,8,1345
383,9,1345
384,36,905
385,19,905
386,11,905
387,16,835
388,3,835
389,39,835
390,19,835
391,36,602
392,20,943
393,16,943
394,21,943
395,40,943
396,1,943
397,14,199
398,24,199
399,18,683
400,32,683
401,9,1117
402,32,665
403,37,665
404,35,665
405,8,665
406,24,665
407,4,1296
408,23,1296
409,19,1296
410,9,1296
411,29,753
412,39,753
413,31,753
414,41,753
415,40,753
416,7,382
417,36,382
418,12,382
419,22,310
420,39,310
421,40,310
422,32,533
423,25,533
424,12,412
425,41,412
426,28,530
427,42,530
428,39,530
429,5,530
430,33,530
431,3,1209
432,33,1209
433,30,1209
434,21,440
435,13,440
436,15,1156
437,40,1156
438,6,1156
439,23,1156
440,2,45
441,29,45
442,1,45
443,5,482
444,27,482
445,28,482
446,33,482
447,32,482
448,2,1094
449,22,1094
450,25,1094
451,28,949
452,5,949
453,18,949
454,27,949
455,1,949
456,1,701
457,25,1112
458,19,1112
459,27,395
460,37,395
461,41,395
462,34,395
463,19,395
464,18,116
465,21,116
466,10,597
467,13,185
468,27,185
469,13,1325
470,23,1325
471,15,1325
472,41,1325
473,20,304
474,23,844
475,42,844
476,31,844
477,5,340
478,25,340
479,32,340
480,26,276
481,14,276
482,39,79
483,16,345
484,40,345
485,13,1435
486,25,1348
487,20,1348
488,41,1348
489,33,1348
490,8,343
491,1,343
492,27,343
493,10,343
494,21,1104
495,25,1104
496,23,562
497,41,562
498,31,16
499,21,16
500,11,1522
501,8,1522
502,18,1522
503,9,1522
504,32,463
505,42,463
506,38,429
507,34,429
508,8,429
509,26,429
510,14,429
511,4,1374
512,17,1374
513,30,1374
514,34,1280
515,18,1280
516,36,1280
517,11,1280
518,5,1280
519,38,1261
520,6,1261
521,8,1420
522,25,1420
523,41,1420
524,11,1420
525,36,1420
526,12,923
527,13,923
528,11,620
529,34,1182
530,2,1182
531,35,1182
532,12,1182
533,13,585
534,27,1076
535,11,1076
536,37,591
537,25,591
538,33,591
539,35,591
540,37,630
541,11,367
542,42,843
543,5,843
544,28,843
545,11,843
546,12,843
547,27,951
548,7,951
549,29,951
550,34,1058
551,6,1058
552,28,1058
553,15,1058
554,23,480
555,9,529
556,22,1323
557,34,1323
558,5,1323
559,12,1323
560,19,57
561,31,57
562,22,57
563,30,57
564,26,74
565,27,74
566,8,74
567,32,74
568,28,74
569,8,561
570,32,722
571,37,1206
572,8,1206
573,21,1206
574,5,362
575,32,44
576,11,44
577,9,1419
578,15,1448
579,26,1448
580,19,1448
581,41,1448
582,34,926
583,6,926
584,9,926
585,39,926
586,16,926
587,40,1385
588,31,1385
589,33,1385
590,23,1385
591,22,102
592,8,102
593,39,102
594,6,102
595,35,434
596,29,603
597,37,603
598,7,603
599,28,603
600,14,108
601,32,108
602,2,655
603,32,655
604,3,1088
605,25,1088
606,35,1088
607,27,760
608,14,760
609,17,760
610,32,862
611,9,862
612,8,862
613,34,862
614,21,1383
615,41,1383
616,14,1383
617,10,1383
618,3,1383
619,10,969
620,18,969
621,2,1141
622,13,1141
623,25,1141
624,32,1141
625,31,1030
626,37,1030
627,10,1398
628,2,1398
629,36,1398
630,11,1398
631,15,1398
632,13,129
633,35,129
634,9,129
635,22,129
636,27,298
637,36,298
638,9,621
639,10,1528
640,4,1528
641,25,1495
642,21,1495
643,28,1194
644,40,1194
645,41,1194
646,14,1165
647,40,1165
648,35,483
649,19,483
650,8,483
651,42,483
652,25,483
653,10,629
654,40,629
655,34,290
656,38,290
657,13,290
658,22,507
659,9,705
660,14,705
661,13,705
662,36,705
663,21,1553
664,38,1553
665,13,1000
666,14,1000
667,3,1000
668,16,1415
669,28,1415
670,2,1415
671,23,1415
672,17,1415
673,26,414
674,42,414
675,20,414
676,14,414
677,38,414
678,30,922
679,29,922
680,4,922
681,33,922
682,8,332
683,11,332
684,21,332
685,42,332
686,19,33
687,12,712
688,2,712
689,12,539
690,8,539
691,35,423
692,3,484
693,2,1118
694,14,1118
695,35,1118
696,7,694
697,7,814
698,39,814
699,34,814
700,20,271
701,34,271
702,30,271
703,33,271
704,22,965
705,29,944
706,8,944
707,30,944
708,25,944
709,4,944
710,27,232
711,23,232
712,40,232
713,12,232
714,24,232
715,8,1101
716,41,1332
717,30,1332
718,2,1332
719,14,1332
720,3,1176
721,4,164
722,12,164
723,35,325
724,42,1098
725,9,1098
726,42,351
727,11,351
728,18,351
729,25,1234
730,10,1234
731,24,1234
732,22,193
733,34,527
734,12,527
735,25,527
736,1,527
737,38,527
738,5,64
739,18,64
740,14,64
741,17,64
742,22,64
743,29,924
744,25,924
745,1,917
746,32,917
747,42,1147
748,16,1147
749,1,1147
750,33,1147
751,11,1147
752,19,622
753,35,622
754,18,622
755,37,299
756,41,299
757,30,299
758,21,817
759,39,817
760,38,998
761,10,998
762,3,998
763,29,998
764,42,998
765,6,1502
766,40,1502
767,19,1502
768,31,1502
769,41,1502
770,25,219
771,18,219
772,26,219
773,35,219
774,31,519
775,20,519
776,23,519
777,7,1371
778,16,1371
779,32,1371
780,13,1371
781,23,454
782,35,454
783,4,454
784,38,372
785,27,372
786,28,372
787,22,372
788,5,372
789,7,1049
790,18,1049
791,5,1049
792,23,1049
793,13,1284
794,20,1284
795,27,428
796,10,428
797,24,439
798,10,984
799,14,984
800,36,906
801,25,906
802,24,906
803,22,571
804,12,307
805,20,307
806,19,809
807,41,809
808,14,1286
809,10,1286
810,7,1286
811,36,1361
812,22,1361
813,6,1361
814,8,1361
815,13,1388
816,26,1388
817,21,1388
818,40,673
819,10,673
820,42,673
821,3,486
822,34,486
823,28,486
824,16,486
825,40,847
826,12,847
827,1,847
828,19,632
829,20,632
830,29,632
831,24,632
832,17,632
833,10,1032
834,39,1032
835,23,1032
836,11,1032
837,3,1032
838,32,278
839,18,278
840,5,278
841,10,1211
842,27,1211
843,35,901
844,23,901
845,12,901
846,34,901
847,33,901
848,33,757
849,4,237
850,18,1270
851,27,1270
852,32,1270
853,34,1270
854,31,1302
855,33,1302
856,26,1302
857,6,1302
858,17,1302
859,12,1520
860,3,1520
861,27,514
862,9,1079
863,28,1079
864,17,1079
865,34,1079
866,26,1079
867,23,209
868,34,209
869,41,209
870,8,870
871,22,870
872,29,870
873,5,1549
874,35,1549
875,19,1549
876,6,1525
877,40,1525
878,13,59
879,6,59
880,28,59
881,12,59
882,7,1523
883,14,1523
884,24,1523
885,39,1523
886,20,1523
887,34,1035
888,23,1202
889,28,1202
890,25,1202
891,21,1202
892,26,1202
893,6,783
894,3,783
895,37,783
896,30,783
897,15,1237
898,26,1237
899,37,773
900,6,773
901,36,773
902,1,1301
903,8,1301
904,30,1301
905,11,1301
906,3,384
907,30,384
908,15,890
909,8,890
910,20,495
911,41,495
912,5,495
913,18,495
914,3,495
915,11,990
916,5,990
917,42,990
918,6,990
919,22,990
920,13,1199
921,35,1199
922,40,1199
923,42,1199
924,15,1254
925,9,1254
926,4,1254
927,38,1254
928,27,755
929,42,755
930,5,755
931,24,755
932,39,234
933,25,234
934,30,234
935,1,234
936,21,234
937,7,1450
938,23,1450
939,42,1450
940,41,1450
941,36,197
942,11,197
943,14,845
944,9,845
945,1,845
946,31,1309
947,11,1309
948,15,1309
949,37,82
950,31,82
951,30,82
952,18,82
953,5,82
954,26,1457
955,7,1457
956,37,1457
957,4,1055
958,18,1055
959,25,1055
960,42,1201
961,14,112
962,9,112
963,36,112
964,25,1326
965,23,1326
966,20,1326
967,35,1506
968,31,1506
969,28,1506
970,32,1506
971,25,1316
972,20,985
973,12,985
974,13,985
975,35,985
976,42,985
977,23,1315
978,21,1315
979,10,1315
980,37,1315
981,10,778
982,8,778
983,28,778
984,13,778
985,38,778
986,25,1231
987,41,1231
988,31,1231
989,36,1231
990,2,1231
991,10,311
992,7,311
993,26,311
994,16,637
995,15,433
996,29,433
997,7,577
998,26,577
999,9,549
1000,28,549
1001,34,549
1002,41,549
1003,17,549
1004,33,1352
1005,15,1352
1006,28,1352
1007,16,758
1008,41,758
1009,3,758
1010,11,893
1011,7,893
1012,21,1545
1013,24,1545
1014,8,1545
1015,23,1545
1016,4,1454
1017,21,1454
1018,24,1454
1019,21,987
1020,31,1097
1021,4,1097
1022,23,1097
1023,17,1097
1024,20,1097
1025,21,491
1026,11,544
1027,41,544
1028,7,487
1029,35,487
1030,21,487
1031,38,487
1032,24,675
1033,16,675
1034,11,846
1035,8,846
1036,2,846
1037,42,846
1038,17,846
1039,40,1446
1040,22,1446
1041,41,731
1042,31,731
1043,23,731
1044,42,731
1045,18,1250
1046,1,494
1047,36,494
1048,7,494
1049,40,255
1050,12,255
1051,22,255
1052,19,255
1053,24,323
1054,18,323
1055,22,323
1056,40,323
1057,32,323
1058,4,1134
1059,28,1047
1060,13,1047
1061,18,1047
1062,41,1047
1063,19,1047
1064,34,599
1065,16,599
1066,16,1264
1067,37,1444
1068,25,1444
1069,33,1444
1070,26,1444
1071,42,1444
1072,1,910
1073,22,910
1074,41,1090
1075,35,1090
1076,41,1038
1077,34,1038
1078,17,1038
1079,33,1038
1080,27,1038
1081,9,87
1082,16,87
1083,42,1474
1084,23,366
1085,37,366
1086,11,366
1087,33,266
1088,28,266
1089,15,266
1090,32,266
1091,30,288
1092,17,1541
1093,1,359
1094,20,359
1095,11,359
1096,36,359
1097,24,746
1098,5,746
1099,7,746
1100,19,746
1101,16,1173
1102,29,1173
1103,42,1173
1104,3,651
1105,6,1263
1106,7,1287
1107,16,222
1108,20,222
1109,30,222
1110,41,222
1111,21,114
1112,16,615
1113,37,615
1114,9,615
1115,28,1218
1116,34,1218
1117,40,1218
1118,36,1218
1119,27,1218
1120,27,175
1121,7,175
1122,13,175
1123,6,465
1124,1,465
1125,29,465
1126,13,465
1127,30,465
1128,1,1386
1129,19,1386
1130,8,406
1131,27,406
1132,23,406
1133,5,406
1134,41,1222
1135,32,1222
1136,35,1222
1137,14,19
1138,28,19
1139,3,19
1140,6,19
1141,4,1053
1142,17,1053
1143,17,286
1144,35,286
1145,7,286
1146,4,286
1147,21,937
1148,23,937
1149,12,937
1150,26,937
1151,13,452
1152,17,452
1153,8,452
1154,22,452
1155,40,1243
1156,28,1243
1157,11,1243
1158,33,32
1159,20,32
1160,3,32
1161,5,32
1162,31,32
1163,24,592
1164,12,592
1165,30,592
1166,9,592
1167,26,211
1168,20,211
1169,20,1186
1170,13,1186
1171,18,1186
1172,29,1186
1173,40,1186
1174,39,215
1175,23,215
1176,7,215
1177,8,215
1178,7,1197
1179,33,1197
1180,26,1197
1181,33,874
1182,29,874
1183,8,479
1184,4,479
1185,28,479
1186,15,479
1187,14,479
1188,24,1006
1189,36,1369
1190,34,1369
1191,11,1369
1192,36,786
1193,11,786
1194,8,786
1195,25,786
1196,4,189
1197,16,189
1198,6,189
1199,14,1331
1200,11,1331
1201,38,1331
1202,25,1331
1203,18,1331
1204,42,1010
1205,20,1010
1206,2,1010
1207,16,1010
1208,14,744
1209,29,744
1210,9,744
1211,34,148
1212,22,148
1213,13,148
1214,38,148
1215,24,426
1216,22,426
1217,41,426
1218,9,426
1219,1,426
1220,8,975
1221,28,975
1222,4,975
1223,34,975
1224,35,84
1225,20,84
1226,24,721
1227,23,721
1228,12,721
1229,30,721
1230,3,49
1231,19,49
1232,14,49
1233,22,49
1234,11,49
1235,35,1158
1236,42,1158
1237,2,156
1238,15,1122
1239,36,1304
1240,8,1190
1241,1,1212
1242,15,1212
1243,6,1212
1244,40,1319
1245,12,1319
1246,18,1319
1247,4,1319
1248,20,1277
1249,6,1277
1250,12,1277
1251,39,1538
1252,38,1538
1253,29,1538
1254,14,1492
1255,24,1492
1256,42,1492
1257,38,1492
1258,10,180
1259,25,180
1260,18,180
1261,23,180
1262,19,180
1263,10,553
1264,28,553
1265,8,1469
1266,26,1469
1267,18,1469
1268,38,472
1269,15,472
1270,7,555
1271,30,555
1272,11,555
1273,14,555
1274,13,555
1275,19,882
1276,19,364
1277,36,427
1278,34,427
1279,17,427
1280,26,427
1281,23,427
1282,39,1223
1283,3,1223
1284,40,1245
1285,26,1245
1286,18,1245
1287,1,1245
1288,17,347
1289,20,347
1290,7,347
1291,23,1080
1292,15,1080
1293,11,1080
1294,13,1080
1295,15,1488
1296,23,1488
1297,28,1488
1298,42,1488
1299,4,1543
1300,26,1543
1301,42,706
1302,6,1342
1303,5,1342
1304,34,1342
1305,41,1342
1306,40,1379
1307,33,1379
1308,8,611
1309,24,611
1310,25,678
1311,42,678
1312,1,678
1313,10,678
1314,33,678
1315,11,244
1316,15,244
1317,19,868
1318,23,868
1319,37,868
1320,21,1427
1321,2,662
1322,21,1042
1323,10,1042
1324,37,1423
1325,10,1423
1326,11,1423
1327,15,1423
1328,24,1241
1329,36,1241
1330,4,1241
1331,17,1241
1332,35,1241
1333,39,436
1334,27,436
1335,38,436
1336,35,436
1337,33,1473
1338,42,1473
1339,20,1473
1340,4,1473
1341,11,1291
1342,8,1291
1343,17,1291
1344,20,1291
1345,23,1291
1346,28,309
1347,23,309
1348,28,839
1349,11,839
1350,19,839
1351,18,839
1352,9,431
1353,42,431
1354,39,1362
1355,10,1362
1356,13,1362
1357,27,399
1358,29,399
1359,12,399
1360,35,399
1361,36,399
1362,5,424
1363,14,371
1364,1,371
1365,18,55
1366,42,55
1367,13,55
1368,24,55
1369,17,55
1370,22,821
1371,10,598
1372,19,598
1373,33,598
1374,30,598
1375,37,612
1376,17,313
1377,32,313
1378,5,313
1379,28,927
1380,25,927
1381,21,927
1382,34,927
1383,42,995
1384,29,995
1385,14,995
1386,40,995
1387,5,586
1388,8,586
1389,21,110
1390,40,110
1391,30,110
1392,19,1207
1393,36,1207
1394,32,1207
1395,6,1207
1396,35,742
1397,17,742
1398,2,742
1399,21,101
1400,17,101
1401,32,1482
1402,35,1482
1403,22,1482
1404,8,1482
1405,40,719
1406,28,719
1407,19,719
1408,38,1428
1409,29,1428
1410,26,267
1411,42,728
1412,2,728
1413,10,297
1414,28,297
1415,33,297
1416,34,297
1417,42,297
1418,33,568
1419,14,568
1420,37,568
1421,2,568
1422,28,568
1423,31,462
1424,10,462
1425,40,1536
1426,28,1536
1427,37,1536
1428,35,1401
1429,9,1401
1430,21,1401
1431,18,1401
1432,20,1401
1433,13,1024
1434,23,1024
1435,28,1024
1436,3,378
1437,7,378
1438,38,378
1439,23,378
1440,5,378
1441,12,287
1442,2,287
1443,22,287
1444,30,287
1445,24,287
1446,29,1493
1447,24,1493
1448,19,1213
1449,27,1213
1450,42,1213
1451,9,127
1452,35,328
1453,27,328
1454,25,328
1455,33,328
1456,10,293
1457,5,293
1458,2,293
1459,28,293
1460,41,293
1461,1,589
1462,14,589
1463,12,589
1464,5,782
1465,6,782
1466,12,782
1467,22,528
1468,3,528
1469,27,528
1470,36,528
1471,35,1540
1472,39,1540
1473,18,1540
1474,19,1540
1475,41,356
1476,12,356
1477,40,356
1478,1,356
1479,37,356
1480,16,1027
1481,22,1027
1482,10,1027
1483,19,1027
1484,29,1395
1485,7,1395
1486,18,171
1487,40,171
1488,25,911
1489,23,911
1490,41,644
1491,28,644
1492,30,644
1493,37,644
1494,9,644
1495,39,669
1496,40,669
1497,23,669
1498,9,789
1499,11,789
1500,25,789
1501,7,789
1502,12,1317
1503,36,210
1504,16,210
1505,33,210
1506,12,1389
1507,35,661
1508,18,661
1509,24,661
1510,37,141
1511,31,141
1512,41,141
1513,34,141
1514,2,141
1515,24,1143
1516,26,1143
1517,21,1143
1518,11,1143
1519,32,1143
1520,32,1041
1521,31,1129
1522,25,1235
1523,40,737
1524,13,1365
1525,25,1365
1526,21,1253
1527,23,1253
1528,20,1253
1529,26,1399
1530,10,1399
1531,5,1399
1532,28,1399
1533,3,1399
1534,37,11
1535,33,1084
1536,6,1084
1537,31,283
1538,29,283
1539,17,283
1540,11,283
1541,31,292
1542,25,292
1543,8,292
1544,31,1410
1545,20,1410
1546,5,1318
1547,9,1318
1548,35,1318
1549,40,130
1550,20,324
1551,17,324
1552,11,324
1553,8,324
1554,28,324
1555,18,1033
1556,8,1033
1557,2,1033
1558,42,1033
1559,37,1033
1560,24,616
1561,33,616
1562,30,616
1563,9,616
1564,34,616
1565,15,745
1566,24,745
1567,30,745
1568,27,1551
1569,37,825
1570,27,825
1571,8,707
1572,16,707
1573,6,707
1574,3,707
1575,3,670
1576,8,670
1577,37,159
1578,18,159
1579,3,159
1580,32,159
1581,41,618
1582,27,618
1583,29,618
1584,31,618
1585,12,618
1586,11,1019
1587,34,1113
1588,18,1113
1589,39,1113
1590,31,1113
1591,16,1113
1592,33,196
1593,2,196
1594,10,196
1595,24,196
1596,6,196
1597,34,1289
1598,12,1289
1599,15,1289
1600,34,600
1601,2,600
1602,25,600
1603,41,600
1604,37,411
1605,19,411
1606,31,97
1607,7,97
1608,18,97
1609,4,627
1610,8,627
1611,22,157
1612,42,420
1613,29,420
1614,30,420
1615,7,420
1616,27,420
1617,30,1272
1618,41,1272
1619,1,478
1620,11,478
1621,38,478
1622,9,478
1623,27,478
1624,9,1400
1625,19,1400
1626,40,1400
1627,30,1400
1628,12,1400
1629,10,693
1630,30,693
1631,8,693
1632,3,1066
1633,40,1066
1634,11,448
1635,10,448
1636,9,799
1637,8,179
1638,4,179
1639,40,391
1640,31,391
1641,35,391
1642,13,391
1643,10,391
1644,19,1339
1645,22,1512
1646,23,1512
1647,31,1512
1648,7,1512
1649,24,1290
1650,14,650
1651,30,650
1652,13,650
1653,6,1178
1654,9,681
1655,21,681
1656,12,681
1657,26,974
1658,6,974
1659,7,974
1660,13,974
1661,22,974
1662,34,848
1663,32,1282
1664,12,1282
1665,14,1282
1666,21,1282
1667,13,1282
1668,40,1477
1669,20,295
1670,22,584
1671,39,584
1672,15,584
1673,37,940
1674,21,940
1675,41,940
1676,22,940
1677,27,89
1678,37,42
1679,39,1177
1680,37,1177
1681,35,1177
1682,23,1177
1683,18,1177
1684,33,619
1685,2,619
1686,8,619
1687,22,708
1688,34,708
1689,5,708
1690,19,708
1691,24,1440
1692,35,1440
1693,39,1109
1694,40,1109
1695,41,1109
1696,38,1109
1697,13,1311
1698,6,1311
1699,8,1311
1700,39,291
1701,7,291
1702,13,291
1703,15,291
1704,4,1471
1705,27,1471
1706,14,713
1707,39,713
1708,1,713
1709,32,713
1710,8,349
1711,29,349
1712,13,349
1713,33,349
1714,11,572
1715,17,572
1716,9,572
1717,31,1135
1718,36,1465
1719,17,1465
1720,2,1465
1721,15,1465
1722,3,1151
1723,1,1151
1724,10,1151
1725,26,1151
1726,17,1518
1727,15,1518
1728,32,1518
1729,27,1518
1730,29,1518
1731,14,1421
1732,2,1421
1733,23,1421
1734,3,1421
1735,9,1421
1736,4,459
1737,37,459
1738,7,459
1739,41,459
1740,1,376
1741,6,376
1742,10,376
1743,18,376
1744,34,376
1745,23,334
1746,16,888
1747,15,888
1748,8,888
1749,39,888
1750,40,888
1751,40,1373
1752,19,1373
1753,13,1373
1754,2,1363
1755,34,1363
1756,4,1111
1757,24,1111
1758,34,1111
1759,6,1111
1760,25,1442
1761,7,1442
1762,5,1442
1763,12,1442
1764,7,1335
1765,38,1335
1766,1,1335
1767,27,329
1768,4,319
1769,25,319
1770,3,319
1771,22,319
1772,17,319
1773,42,1198
1774,21,1198
1775,16,1269
1776,27,1269
1777,7,168
1778,21,168
1779,6,168
1780,39,168
1781,10,13
1782,26,13
1783,27,13
1784,12,13
1785,3,13
1786,35,172
1787,18,172
1788,34,261
1789,18,1432
1790,36,1432
1791,3,1432
1792,16,1432
1793,2,1432
1794,1,963
1795,36,963
1796,36,991
1797,12,991
1798,34,991
1799,25,991
1800,3,139
1801,34,139
1802,21,139
1803,32,139
1804,19,139
1805,20,550
1806,14,550
1807,32,1031
1808,5,1031
1809,23,1376
1810,7,1376
1811,5,1179
1812,31,559
1813,3,140
1814,33,140
1815,25,140
1816,15,1359
1817,19,1359
1818,20,1359
1819,31,1359
1820,34,1359
1821,3,942
1822,39,942
1823,33,942
1824,6,225
1825,11,225
1826,12,225
1827,19,225
1828,3,1095
1829,14,1095
1830,2,1095
1831,9,1095
1832,20,1095
1833,25,410
1834,3,410
1835,17,326
1836,33,300
1837,30,300
1838,19,300
1839,39,1266
1840,28,1266
1841,22,1266
1842,11,1266
1843,26,1266
1844,27,794
1845,40,794
1846,40,1464
1847,19,1464
1848,10,1464
1849,26,1443
1850,9,1443
1851,13,1443
1852,31,1288
1853,36,1288
1854,32,941
1855,39,574
1856,28,574
1857,6,574
1858,29,574
1859,4,574
1860,2,504
1861,13,504
1862,29,606
1863,2,606
1864,30,606
1865,21,606
1866,39,606
1867,16,820
1868,36,820
1869,13,820
1870,23,820
1871,41,820
1872,25,4
1873,7,4
1874,4,4
1875,13,4
1876,34,1002
1877,30,1002
1878,10,1002
1879,7,1002
1880,12,1002
1881,37,468
1882,23,468
1883,15,468
1884,33,468
1885,6,468
1886,14,322
1887,3,322
1888,25,322
1889,14,6
1890,30,6
1891,17,6
1892,39,6
1893,25,6
1894,17,223
1895,28,223
1896,8,548
1897,9,548
1898,3,548
1899,8,1535
1900,14,1535
1901,29,1535
1902,23,1535
1903,22,1535
1904,38,40
1905,30,40
1906,10,40
1907,16,40
1908,3,40
1909,4,543
1910,12,543
1911,40,543
1912,26,543
1913,18,243
1914,28,243
1915,12,243
1916,1,243
1917,19,243
1918,33,137
1919,1,137
1920,29,137
1921,9,137
1922,18,1233
1923,22,1233
1924,33,1233
1925,37,1233
1926,29,1508
1927,15,1508
1928,37,1011
1929,38,1011
1930,26,1011
1931,8,1011
1932,14,1011
1933,2,725
1934,12,725
1935,20,725
1936,23,1107
1937,9,810
1938,23,810
1939,35,810
1940,26,810
1941,31,810
1942,15,1418
1943,30,1418
1944,2,1418
1945,4,1418
1946,23,582
1947,7,582
1948,13,582
1949,24,1531
1950,11,1086
1951,42,1086
1952,23,1441
1953,42,1441
1954,19,377
1955,9,315
1956,29,443
1957,25,443
1958,19,443
1959,36,443
1960,12,320
1961,8,907
1962,32,907
1963,39,907
1964,13,866
1965,37,866
1966,40,1175
1967,23,1175
1968,40,425
1969,14,425
1970,29,425
1971,18,425
1972,36,554
1973,17,554
1974,2,554
1975,10,595
1976,33,966
1977,10,966
1978,1,966
1979,14,966
1980,14,1121
1981,1,1121
1982,13,1121
1983,23,1121
1984,42,1028
1985,6,1028
1986,9,1407
1987,5,1407
1988,15,1407
1989,16,671
1990,3,671
1991,7,228
1992,33,766
1993,32,766
1994,39,766
1995,1,766
1996,11,875
1997,35,875
1998,23,875
1999,24,875
2000,39,1037
2001,17,1037
2002,35,1037
2003,28,1068
2004,40,1068
2005,5,67
2006,28,394
2007,21,394
2008,2,580
2009,38,580
2010,42,580
2011,23,580
2012,34,25
2013,36,212
2014,26,1204
2015,4,842
2016,36,842
2017,19,842
2018,42,842
2019,33,537
2020,17,537
2021,22,1539
2022,6,1375
2023,41,1375
2024,31,1375
2025,15,1375
2026,17,1375
2027,3,86
2028,34,86
2029,16,86
2030,14,1402
2031,10,1402
2032,37,1402
2033,12,273
2034,3,273
2035,29,989
2036,15,989
2037,23,1099
2038,38,1099
2039,11,1099
2040,17,1403
2041,11,1403
2042,7,1403
2043,22,1403
2044,30,1403
2045,31,631
2046,33,631
2047,10,631
2048,26,631
2049,22,631
2050,19,1069
2051,15,1069
2052,30,1069
2053,22,1069
2054,19,1489
2055,15,1489
2056,13,1489
2057,20,1489
2058,21,1489
2059,33,506
2060,36,506
2061,15,506
2062,37,506
2063,28,506
2064,40,274
2065,8,274
2066,7,274
2067,13,274
2068,17,1498
2069,8,1498
2070,16,1498
2071,1,363
2072,35,363
2073,14,363
2074,41,363
2075,2,363
2076,20,623
2077,11,623
2078,19,623
2079,38,623
2080,13,3
2081,29,7
2082,9,312
2083,1,1054
2084,32,1054
2085,24,1054
2086,11,1054
2087,5,711
2088,10,711
2089,36,711
2090,15,711
2091,30,711
2092,2,666
2093,32,666
2094,4,1232
2095,12,1534
2096,37,1534
2097,7,1534
2098,3,1534
2099,35,1534
2100,18,216
2101,35,216
2102,26,813
2103,17,813
2104,10,28
2105,35,28
2106,1,1119
2107,9,1119
2108,15,1119
2109,33,1119
2110,16,1161
2111,15,1161
2112,40,1424
2113,30,1424
2114,27,1424
2115,2,639
2116,5,639
2117,32,639
2118,4,639
2119,3,808
2120,19,692
2121,15,692
2122,7,692
2123,37,894
2124,5,894
2125,29,894
2126,11,625
2127,2,625
2128,13,918
2129,39,918
2130,9,918
2131,41,918
2132,40,918
2133,17,257
2134,37,257
2135,38,257
2136,26,26
2137,7,26
2138,5,26
2139,9,337
2140,25,337
2141,9,573
2142,18,573
2143,34,573
2144,29,573
2145,4,48
2146,1,48
2147,7,48
2148,6,48
2149,39,48
2150,42,107
2151,27,107
2152,3,350
2153,18,350
2154,26,56
2155,25,56
2156,41,56
2157,32,56
2158,14,56
2159,16,1059
2160,15,1059
2161,28,1059
2162,26,1059
2163,30,1059
2164,17,214
2165,2,214
2166,37,214
2167,37,121
2168,22,121
2169,7,121
2170,32,121
2171,23,121
2172,36,939
2173,2,939
2174,34,939
2175,6,939
2176,12,939
2177,29,1224
2178,39,1224
2179,34,73
2180,1,73
2181,16,73
2182,36,73
2183,37,73
2184,40,1350
2185,35,1350
2186,38,1350
2187,3,840
2188,41,840
2189,2,840
2190,29,840
2191,23,840
2192,19,775
2193,6,775
2194,17,775
2195,30,46
2196,28,46
2197,6,46
2198,32,46
2199,21,1313
2200,24,1313
2201,15,524
2202,7,524
2203,20,524
2204,5,524
2205,39,938
2206,41,938
2207,19,938
2208,3,938
2209,33,938
2210,29,1044
2211,40,1044
2212,36,1044
2213,26,1044
2214,18,1044
2215,28,933
2216,35,933
2217,9,933
2218,7,933
2219,27,933
2220,30,856
2221,14,856
2222,2,534
2223,33,534
2224,27,534
2225,40,1180
2226,30,1180
2227,6,604
2228,30,604
2229,5,466
2230,24,466
2231,25,466
2232,40,466
2233,28,880
2234,23,880
2235,16,880
2236,29,880
2237,2,1327
2238,37,1327
2239,33,837
2240,9,837
2241,2,837
2242,39,837
2243,40,1074
2244,36,1074
2245,1,1074
2246,18,1074
2247,8,1074
2248,23,61
2249,34,61
2250,12,61
2251,39,61
2252,40,1491
2253,15,1491
2254,8,1491
2255,31,1491
2256,6,93
2257,39,667
2258,9,667
2259,16,756
2260,26,756
2261,28,756
2262,31,756
2263,9,756
2264,1,195
2265,10,281
2266,3,281
2267,18,281
2268,5,281
2269,41,696
2270,4,696
2271,27,696
2272,41,360
2273,33,360
2274,39,360
2275,5,360
2276,40,360
2277,17,520
2278,16,520
2279,9,520
2280,3,520
2281,1,1310
2282,22,1310
2283,29,1310
2284,24,865
2285,32,865
2286,6,865
2287,8,865
2288,4,865
2289,25,183
2290,15,183
2291,7,1064
2292,20,1246
2293,13,1246
2294,29,1246
2295,14,1246
2296,38,111
2297,30,111
2298,26,111
2299,13,111
2300,5,111
2301,18,1139
2302,40,1139
2303,21,1139
2304,40,43
2305,41,43
2306,3,747
2307,2,747
2308,25,747
2309,30,988
2310,27,988
2311,33,988
2312,18,205
2313,12,205
2314,5,205
2315,21,205
2316,27,205
2317,33,887
2318,35,887
2319,34,887
2320,14,887
2321,7,53
2322,34,1168
2323,35,1168
2324,27,1168
2325,31,1168
2326,21,546
2327,17,546
2328,19,546
2329,7,546
2330,15,546
2331,40,69
2332,19,69
2333,9,69
2334,17,69
2335,34,967
2336,25,925
2337,39,925
2338,18,925
2339,30,925
2340,5,925
2341,2,811
2342,25,184
2343,34,184
2344,26,138
2345,4,138
2346,40,138
2347,29,138
2348,10,138
2349,15,133
2350,2,133
2351,41,81
2352,29,1260
2353,30,1260
2354,2,106
2355,9,106
2356,14,1346
2357,41,1346
2358,25,542
2359,27,542
2360,22,542
2361,19,542
2362,39,1324
2363,9,1324
2364,3,1324
2365,30,1324
2366,31,1324
2367,18,481
2368,29,481
2369,28,481
2370,39,481
2371,31,166
2372,7,166
2373,34,166
2374,23,166
2375,38,166
2376,5,249
2377,3,249
2378,36,249
2379,29,249
2380,11,308
2381,17,308
2382,22,308
2383,35,308
2384,24,447
2385,9,447
2386,5,447
2387,3,447
2388,31,447
2389,38,803
2390,7,335
2391,18,98
2392,15,98
2393,17,818
2394,6,738
2395,10,738
2396,36,738
2397,26,738
2398,41,738
2399,3,947
2400,34,947
2401,9,947
2402,31,904
2403,38,904
2404,40,904
2405,4,904
2406,16,904
2407,6,1108
2408,21,103
2409,38,103
2410,29,103
2411,1,435
2412,29,435
2413,12,435
2414,39,75
2415,37,75
2416,3,1393
2417,31,1393
2418,28,1393
2419,2,1393
2420,24,1393
2421,13,1023
2422,34,1023
2423,11,1023
2424,40,1023
2425,33,1546
2426,42,1546
2427,37,1546
2428,18,1546
2429,21,1546
2430,2,303
2431,31,303
2432,15,303
2433,28,303
2434,35,303
2435,28,1343
2436,35,1343
2437,18,1312
2438,28,1312
2439,7,1312
2440,33,1271
2441,32,1271
2442,19,763
2443,24,763
2444,10,763
2445,19,734
2446,13,734
2447,8,734
2448,10,389
2449,11,389
2450,40,389
2451,21,389
2452,24,389
2453,31,236
2454,6,1294
2455,1,1294
2456,2,1294
2457,33,268
2458,6,268
2459,35,268
2460,27,306
2461,33,850
2462,42,850
2463,29,118
2464,10,118
2465,8,118
2466,1,1259
2467,2,674
2468,41,674
2469,36,674
2470,28,674
2471,28,250
2472,32,1132
2473,16,1132
2474,40,1132
2475,25,1191
2476,31,72
2477,23,72
2478,16,72
2479,22,72
2480,30,95
2481,18,95
2482,21,95
2483,27,916
2484,11,916
2485,23,916
2486,28,916
2487,13,916
2488,10,34
2489,5,34
2490,36,34
2491,6,34
2492,25,34
2493,36,800
2494,8,800
2495,11,800
2496,9,1229
2497,23,1229
2498,9,449
2499,38,449
2500,25,449
2501,33,449
2502,3,446
2503,19,446
2504,22,446
2505,18,446
2506,35,772
2507,14,772
2508,4,772
2509,19,772
2510,11,772
2511,37,717
2512,2,717
2513,26,717
2514,33,717
2515,13,717
2516,22,1552
2517,4,1552
2518,2,1552
2519,18,1279
2520,34,1377
2521,18,1377
2522,39,1377
2523,8,1377
2524,22,1377
2525,29,1169
2526,5,1169
2527,29,78
2528,10,85
2529,24,902
2530,21,83
2531,17,83
2532,27,458
2533,15,1166
2534,13,1166
2535,24,1166
2536,37,677
2537,36,677
2538,36,1496
2539,41,1496
2540,14,1114
2541,36,1114
2542,21,1114
2543,6,437
2544,19,437
2545,39,437
2546,33,437
2547,29,437
2548,28,771
2549,13,771
2550,17,771
2551,15,771
2552,38,645
2553,6,645
2554,31,645
2555,42,645
2556,41,889
2557,10,979
2558,17,1240
2559,19,1240
2560,3,1240
2561,21,1240
2562,28,1240
2563,8,1162
2564,20,405
2565,40,405
2566,22,405
2567,36,1353
2568,14,1353
2569,26,1353
2570,5,1353
2571,15,1353
2572,25,1007
2573,14,1007
2574,42,1548
2575,36,1548
2576,6,1548
2577,4,1548
2578,25,105
2579,23,610
2580,41,899
2581,27,899
2582,39,899
2583,34,899
2584,23,689
2585,14,1081
2586,41,827
2587,5,1188
2588,22,1188
2589,3,1188
2590,19,1188
2591,21,1005
2592,23,63
2593,28,282
2594,9,282
2595,18,282
2596,29,853
2597,9,853
2598,10,853
2599,14,853
2600,13,779
2601,33,779
2602,30,779
2603,29,1387
2604,37,239
2605,14,239
2606,20,239
2607,21,224
2608,11,146
2609,1,146
2610,38,146
2611,35,1451
2612,9,1451
2613,33,1451
2614,11,374
2615,13,374
2616,42,374
2617,16,374
2618,10,374
2619,42,1467
2620,6,119
2621,1,119
2622,27,119
2623,5,119
2624,34,119
2625,2,1170
2626,27,1170
2627,12,1170
2628,6,1170
2629,14,1192
2630,26,1192
2631,11,1192
2632,7,1192
2633,3,1192
2634,35,251
2635,25,251
2636,13,251
2637,29,1499
2638,28,1499
2639,33,1256
2640,41,964
2641,33,964
2642,28,964
2643,13,964
2644,30,964
2645,41,10
2646,24,10
2647,37,10
2648,32,10
2649,8,450
2650,10,450
2651,30,450
2652,32,450
2653,13,450
2654,37,953
2655,33,953
2656,14,709
2657,6,709
2658,36,709
2659,20,709
2660,11,709
2661,16,256
2662,24,883
2663,16,883
2664,15,594
2665,41,594
2666,42,594
2667,31,594
2668,20,390
2669,29,390
2670,17,390
2671,10,390
2672,39,1227
2673,13,1227
2674,37,1227
2675,19,1248
2676,39,1248
2677,40,1248
2678,35,558
2679,10,558
2680,2,1337
2681,13,1337
2682,27,1337
2683,18,908
2684,25,908
2685,4,908
2686,12,461
2687,40,461
2688,8,724
2689,14,724
2690,10,724
2691,27,1434
2692,9,1434
2693,1,1434
2694,19,1434
2695,39,1434
2696,24,145
2697,13,145
2698,6,145
2699,15,145
2700,37,145
2701,29,502
2702,15,1138
2703,30,740
2704,29,740
2705,35,1437
2706,39,1437
2707,34,1437
2708,38,1437
2709,3,869
2710,29,869
2711,39,869
2712,25,869
2713,35,732
2714,37,732
2715,10,732
2716,41,540
2717,21,540
2718,12,540
2719,40,178
2720,19,178
2721,11,178
2722,41,1501
2723,2,1501
2724,9,698
2725,39,698
2726,24,1014
2727,20,1014
2728,39,1085
2729,22,1085
2730,4,1085
2731,22,945
2732,3,945
2733,35,945
2734,30,971
2735,24,971
2736,35,971
2737,23,971
2738,39,971
2739,3,1550
2740,34,1550
2741,17,1550
2742,5,8
2743,20,8
2744,42,8
2745,6,932
2746,35,932
2747,23,932
2748,41,932
2749,33,932
2750,42,668
2751,26,668
2752,14,668
2753,35,668
2754,25,668
2755,32,1205
2756,18,1205
2757,29,1205
2758,17,1205
2759,7,1205
2760,42,358
2761,17,358
2762,41,358
2763,9,358
2764,31,358
2765,22,784
2766,25,784
2767,42,784
2768,30,784
2769,4,784
2770,20,736
2771,22,330
2772,17,330
2773,11,330
2774,25,1091
2775,18,1091
2776,40,1193
2777,21,1160
2778,26,1160
2779,32,1160
2780,35,259
2781,15,259
2782,22,259
2783,25,259
2784,1,950
2785,16,1221
2786,20,1221
2787,9,1221
2788,31,1221
2789,2,1221
2790,42,373
2791,8,373
2792,1,373
2793,6,373
2794,2,1145
2795,32,1145
2796,21,1145
2797,23,1145
2798,16,1145
2799,23,999
2800,11,143
2801,40,143
2802,39,526
2803,24,526
2804,8,526
2805,19,526
2806,30,526
2807,1,1453
2808,27,1453
2809,2,1453
2810,25,233
2811,33,233
2812,14,233
2813,24,233
2814,2,1164
2815,12,1164
2816,26,1164
2817,21,1476
2818,28,1476
2819,40,1476
2820,18,441
2821,31,441
2822,11,441
2823,33,441
2824,4,532
2825,38,532
2826,23,532
2827,1,1354
2828,22,1354
2829,32,1354
2830,36,1354
2831,20,1354
2832,31,227
2833,4,1430
2834,28,1430
2835,36,1430
2836,40,1430
2837,27,1430
2838,35,229
2839,29,229
2840,20,229
2841,29,1329
2842,15,1347
2843,6,1347
2844,12,213
2845,38,213
2846,7,213
2847,24,213
2848,38,886
2849,15,886
2850,35,886
2851,5,886
2852,22,886
2853,37,80
2854,36,149
2855,42,815
2856,3,815
2857,26,815
2858,26,977
2859,33,977
2860,38,977
2861,31,977
2862,40,986
2863,42,986
2864,13,986
2865,21,672
2866,7,672
2867,22,672
2868,14,672
2869,41,672
2870,4,1210
2871,32,1210
2872,18,1210
2873,2,1210
2874,23,1210
2875,32,556
2876,34,1226
2877,10,1226
2878,1,134
2879,35,1150
2880,17,934
2881,34,934
2882,15,1322
2883,6,1322
2884,31,824
2885,11,824
2886,5,824
2887,19,824
2888,3,409
2889,13,409
2890,8,409
2891,36,409
2892,15,369
2893,8,369
2894,3,369
2895,5,369
2896,21,508
2897,26,1228
2898,40,505
2899,7,505
2900,33,505
2901,9,1382
2902,33,1382
2903,30,1382
2904,29,1382
2905,32,1382
2906,9,348
2907,12,348
2908,31,348
2909,14,348
2910,8,348
2911,29,387
2912,8,1
2913,20,1
2914,22,1
2915,28,1
2916,17,1036
2917,42,1036
2918,19,361
2919,42,895
2920,3,895
2921,21,895
2922,8,829
2923,3,829
2924,27,829
2925,14,1468
2926,40,1468
2927,4,1468
2928,1,1468
2929,30,1468
2930,3,476
2931,8,476
2932,6,476
2933,28,476
2934,27,476
2935,3,1330
2936,9,1330
2937,10,1330
2938,4,1330
2939,33,1330
2940,30,58
2941,14,58
2942,22,58
2943,15,58
2944,16,58
2945,9,638
2946,1,638
2947,40,638
2948,37,638
2949,36,1356
2950,41,1356
2951,25,1356
2952,15,1089
2953,34,1089
2954,41,653
2955,16,653
2956,17,653
2957,38,653
2958,26,173
2959,31,173
2960,6,173
2961,14,173
2962,13,451
2963,39,126
2964,23,126
2965,12,126
2966,30,39
2967,34,531
2968,24,858
2969,29,714
2970,16,714
2971,1,91
2972,19,91
2973,14,1505
2974,42,182
2975,28,182
2976,3,182
2977,20,182
2978,11,182
2979,13,876
2980,23,1050
2981,7,787
2982,5,787
2983,3,415
2984,26,415
2985,22,415
2986,41,415
2987,35,415
2988,41,252
2989,1,70
2990,37,804
2991,10,804
2992,31,804
2993,7,804
2994,2,804
2995,23,132
2996,15,132
2997,38,132
2998,29,301
2999,26,301
3000,8,301
3001,19,301
3002,7,301
3003,19,1238
3004,29,1238
3005,21,327
3006,40,327
3007,24,327
3008,25,1521
3009,42,1521
3010,17,1297
3011,24,1297
3012,42,1297
3013,25,1297
3014,35,500
3015,13,500
3016,30,500
3017,3,500
3018,24,500
3019,31,342
3020,5,342
3021,28,833
3022,29,365
3023,25,365
3024,21,496
3025,42,496
3026,30,496
3027,2,1447
3028,36,1447
3029,33,1447
3030,18,339
3031,3,339
3032,14,339
3033,17,339
3034,28,339
3035,13,422
3036,4,422
3037,36,165
3038,20,29
3039,15,29
3040,5,29
3041,23,29
3042,22,29
3043,18,517
3044,33,517
3045,25,517
3046,27,517
3047,22,517
3048,36,194
3049,12,194
3050,13,1034
3051,16,1034
3052,36,1480
3053,26,1480
3054,9,1480
3055,19,946
3056,16,946
3057,40,1413
3058,41,1413
3059,24,1413
3060,4,170
3061,24,170
3062,16,170
3063,40,170
3064,2,170
3065,24,913
3066,35,913
3067,39,913
3068,41,492
3069,19,492
3070,17,492
3071,27,492
3072,17,954
3073,21,588
3074,18,588
3075,20,588
3076,12,588
3077,4,751
3078,31,751
3079,14,658
3080,16,658
3081,36,658
3082,35,658
3083,24,658
3084,12,235
3085,15,733
3086,30,733
3087,4,733
3088,12,733
3089,16,733
3090,11,1146
3091,14,1146
3092,12,1146
3093,5,1146
3094,35,1146
3095,18,1275
3096,3,1275
3097,41,935
3098,24,935
3099,3,935
3100,37,109
3101,41,109
3102,31,109
3103,28,109
3104,11,569
3105,30,569
3106,17,891
3107,37,891
3108,41,891
3109,9,891
3110,28,948
3111,7,948
3112,15,948
3113,8,1051
3114,17,1051
3115,39,1051
3116,42,885
3117,28,885
3118,23,885
3119,7,885
3120,10,885
3121,11,1314
3122,5,1314
3123,30,851
3124,1,851
3125,42,735
3126,18,735
3127,8,735
3128,26,735
3129,17,718
3130,1,718
3131,28,455
3132,6,265
3133,24,265
3134,15,76
3135,17,76
3136,4,76
3137,24,445
3138,14,445
3139,34,396
3140,35,396
3141,5,396
3142,42,396
3143,31,177
3144,13,177
3145,15,177
3146,41,177
3147,27,177
3148,35,1043
3149,18,1360
3150,15,1360
3151,7,1360
3152,16,1092
3153,8,1092
3154,6,1092
3155,33,1092
3156,26,1075
3157,14,1075
3158,29,1075
3159,7,1075
3160,10,1075
3161,14,596
3162,30,62
3163,22,62
3164,29,62
3165,1,873
3166,19,873
3167,40,1445
3168,21,1445
3169,42,1445
3170,2,1445
3171,29,1459
3172,41,1459
3173,6,279
3174,10,279
3175,15,279
3176,14,37
3177,15,663
3178,36,663
3179,29,663
3180,21,1404
3181,40,1404
3182,30,1404
3183,15,1126
3184,39,1126
3185,22,1126
3186,5,1126
3187,5,978
3188,8,978
3189,32,978
3190,38,978
3191,39,978
3192,19,739
3193,31,739
3194,6,192
3195,22,192
3196,18,192
3197,26,920
3198,32,920
3199,42,920
3200,24,920
3201,9,457
3202,1,457
3203,5,457
3204,34,457
3205,37,676
3206,34,761
3207,20,761
3208,2,761
3209,17,761
3210,21,1405
3211,19,1405
3212,2,1405
3213,23,1405
3214,4,1405
3215,11,729
3216,42,729
3217,32,729
3218,41,729
3219,6,413
3220,1,413
3221,5,413
3222,19,413
3223,38,413
3224,24,826
3225,22,826
3226,23,826
3227,34,617
3228,26,617
3229,30,617
3230,25,115
3231,15,115
3232,31,115
3233,39,115
3234,36,418
3235,9,418
3236,6,418
3237,41,418
3238,22,1481
3239,12,1481
3240,31,970
3241,37,605
3242,1,605
3243,19,605
3244,24,605
3245,6,605
3246,5,1487
3247,35,1487
3248,7,1487
3249,40,1487
3250,26,1487
3251,23,90
3252,34,90
3253,41,90
3254,39,90
3255,16,90
3256,25,849
3257,9,849
3258,29,849
3259,5,849
3260,40,1189
3261,39,1189
3262,18,1189
3263,12,1189
3264,35,1189
3265,39,1486
3266,16,1486
3267,18,1486
3268,34,1486
3269,11,754
3270,25,754
3271,28,754
3272,32,754
3273,41,754
3274,34,499
3275,39,499
3276,12,499
3277,27,499
3278,3,12
3279,12,12
3280,17,397
3281,26,397
3282,8,397
3283,6,285
3284,27,285
3285,16,285
3286,5,1067
3287,8,1067
3288,17,691
3289,20,691
3290,33,691
3291,15,1278
3292,26,1456
3293,16,1456
3294,6,1456
3295,41,1456
3296,8,1456
3297,40,690
3298,6,852
3299,21,160
3300,21,896
3301,23,896
3302,37,896
3303,5,896
3304,7,896
3305,30,1236
3306,30,258
3307,14,258
3308,27,258
3309,36,258
3310,10,336
3311,20,336
3312,15,336
3313,41,336
3314,14,336
3315,23,1556
3316,9,1556
3317,17,1556
3318,39,1556
3319,29,1556
3320,21,1040
3321,29,1040
3322,30,1040
3323,22,1040
3324,17,1040
3325,41,516
3326,12,516
3327,3,516
3328,27,516
3329,17,516
3330,29,1016
3331,31,1016
3332,26,1016
3333,19,769
3334,26,769
3335,20,769
3336,13,1366
3337,42,1366
3338,1,1366
3339,15,1366
3340,24,1366
3341,41,762
3342,4,762
3343,32,762
3344,17,1293
3345,11,1293
3346,28,1293
3347,40,522
3348,18,522
3349,28,522
3350,19,23
3351,30,23
3352,12,357
3353,9,357
3354,18,357
3355,41,1321
3356,22,341
3357,17,341
3358,8,341
3359,31,341
3360,35,341
3361,30,432
3362,20,432
3363,25,474
3364,29,474
3365,31,474
3366,40,474
3367,17,218
3368,33,218
3369,1,218
3370,2,218
3371,26,218
3372,8,912
3373,6,912
3374,28,912
3375,31,912
3376,22,1252
3377,19,1252
3378,4,1012
3379,40,1012
3380,14,1012
3381,31,1012
3382,23,1012
3383,42,1514
3384,10,1514
3385,8,1514
3386,7,1514
3387,20,1514
3388,31,94
3389,8,94
3390,34,1009
3391,38,1009
3392,2,1009
3393,21,1071
3394,32,1071
3395,12,1093
3396,22,1093
3397,39,697
3398,36,697
3399,34,697
3400,13,697
3401,37,697
3402,38,1394
3403,1,1394
3404,10,1394
3405,42,1394
3406,32,1394
3407,19,997
3408,1,997
3409,12,997
3410,35,997
3411,25,997
3412,40,154
3413,37,1100
3414,11,1100
3415,17,1100
3416,26,1100
3417,25,1100
3418,5,1349
3419,34,1349
3420,3,1555
3421,40,1555
3422,14,1555
3423,1,1555
3424,3,790
3425,10,790
3426,33,790
3427,11,790
3428,42,790
3429,21,581
3430,1,581
3431,16,581
3432,24,704
3433,6,1308
3434,22,1308
3435,32,1308
3436,21,1308
3437,37,1308
3438,13,488
3439,16,560
3440,38,560
3441,17,1142
3442,26,1142
3443,28,1142
3444,33,1142
3445,11,1120
3446,38,1120
3447,13,1120
3448,14,802
3449,7,513
3450,38,513
3451,2,513
3452,13,513
3453,13,634
3454,21,634
3455,9,634
3456,23,1152
3457,16,1152
3458,17,1152
3459,8,1152
3460,26,1390
3461,39,1390
3462,13,1390
3463,31,791
3464,22,791
3465,37,791
3466,12,791
3467,6,117
3468,16,117
3469,4,117
3470,24,741
3471,40,1082
3472,21,1082
3473,18,831
3474,32,831
3475,26,831
3476,13,831
3477,35,120
3478,25,120
3479,13,120
3480,32,657
3481,28,657
3482,1,657
3483,28,1478
3484,11,1478
3485,25,1478
3486,19,636
3487,36,636
3488,29,636
3489,32,636
3490,24,636
3491,5,370
3492,25,269
3493,34,269
3494,19,656
3495,15,656
3496,20,656
3497,5,656
3498,23,936
3499,15,936
3500,20,936
3501,13,936
3502,34,936
3503,33,823
3504,16,823
3505,14,823
3506,42,823
3507,19,867
3508,1,867
3509,7,867
3510,22,867
3511,41,867
3512,35,47
3513,17,47
3514,39,47
3515,20,1340
3516,14,1340
3517,41,1340
3518,26,1340
3519,16,1340
3520,35,992
3521,3,992
3522,27,992
3523,17,877
3524,6,877
3525,2,877
3526,26,877
3527,24,774
3528,19,774
3529,15,774
3530,29,1557
3531,22,1557
3532,38,1557
3533,33,1557
3534,23,1557
3535,6,5
3536,32,5
3537,33,5
3538,12,1004
3539,27,1351
3540,39,1351
3541,32,264
3542,38,1230
3543,12,1230
3544,36,1230
3545,24,1230
3546,4,1422
3547,33,1422
3548,22,444
3549,24,444
3550,42,1003
3551,12,1003
3552,8,1003
3553,40,1003
3554,1,1003
3555,7,1078
3556,9,1078
3557,29,838
3558,40,838
3559,33,838
3560,31,838
3561,18,838
3562,39,1392
3563,14,1392
3564,40,1392
3565,41,305
3566,2,305
3567,25,305
3568,31,305
3569,40,305
3570,38,1220
3571,18,1220
3572,40,314
3573,5,314
3574,19,314
3575,36,150
3576,41,150
3577,35,150
3578,1,1149
3579,37,1149
3580,2,1149
3581,27,1149
3582,37,575
3583,16,575
3584,10,51
3585,2,51
3586,38,51
3587,9,51
3588,28,1217
3589,25,1217
3590,41,1217
3591,13,1217
3592,42,1217
3593,21,727
3594,12,727
3595,1,834
3596,2,834
3597,35,1116
3598,39,1116
3599,3,1116
3600,17,1167
3601,37,1167
3602,7,1167
3603,14,1167
3604,10,1167
3605,22,471
3606,19,471
3607,25,471
3608,13,471
3609,36,972
3610,12,972
3611,32,972
3612,37,972
3613,6,654
3614,13,400
3615,34,400
3616,25,400
3617,19,400
3618,20,400
3619,1,512
3620,34,512
3621,14,321
3622,29,321
3623,1,20
3624,27,20
3625,10,20
3626,12,20
3627,5,685
3628,18,685
3629,19,685
3630,14,685
3631,8,36
3632,4,36
3633,3,36
3634,39,903
3635,24,903
3636,28,903
3637,30,903
3638,40,828
3639,4,828
3640,17,828
3641,16,828
3642,30,1544
3643,34,1544
3644,30,408
3645,18,921
3646,25,538
3647,27,538
3648,17,759
3649,6,759
3650,8,759
3651,39,759
3652,39,1063
3653,23,1063
3654,42,1063
3655,40,1063
3656,6,1200
3657,37,246
3658,20,246
3659,27,246
3660,23,246
3661,21,246
3662,42,1128
3663,35,785
3664,21,785
3665,9,490
3666,29,490
3667,15,490
3668,27,490
3669,32,155
3670,5,155
3671,36,155
3672,9,155
3673,14,962
3674,33,962
3675,31,962
3676,17,962
3677,3,854
3678,41,854
3679,23,854
3680,13,854
3681,35,626
3682,34,626
3683,14,626
3684,3,626
3685,12,626
3686,37,686
3687,40,686
3688,18,686
3689,4,570
3690,20,570
3691,32,1490
3692,8,18
3693,28,18
3694,15,18
3695,4,18
3696,1,18
3697,2,128
3698,39,128
3699,16,128
3700,41,1530
3701,29,1530
3702,24,928
3703,25,981
3704,36,981
3705,27,981
3706,4,1526
3707,15,191
3708,6,191
3709,20,191
3710,36,191
3711,41,191
3712,10,1140
3713,42,993
3714,6,993
3715,22,993
3716,27,993
3717,19,1519
3718,31,1519
3719,16,1519
3720,4,1519
3721,30,1519
3722,35,1300
3723,35,607
3724,30,607
3725,11,607
3726,27,607
3727,10,181
3728,35,181
3729,20,181
3730,7,302
3731,35,302
3732,42,302
3733,22,302
3734,29,302
3735,12,497
3736,42,497
3737,37,497
3738,18,1341
3739,41,1341
3740,6,1341
3741,37,1305
3742,26,1305
3743,35,1305
3744,11,1285
3745,28,1285
3746,7,1285
3747,32,1285
3748,4,1285
3749,37,518
3750,20,518
3751,33,518
3752,11,518
3753,33,1070
3754,39,477
3755,13,477
3756,36,477
3757,33,477
3758,15,158
3759,33,158
3760,3,158
3761,14,158
3762,10,158
3763,23,1196
3764,15,1196
3765,3,1196
3766,31,1196
3767,25,17
3768,21,17
3769,29,1073
3770,26,1073
3771,18,1073
3772,34,1073
3773,34,1533
3774,8,1533
3775,19,1533
3776,12,1533
3777,1,547
3778,35,547
3779,12,659
3780,23,1274
3781,34,1274
3782,38,1274
3783,27,1274
3784,35,1020
3785,39,1020
3786,24,1020
3787,28,1020
3788,21,1020
3789,41,1306
3790,22,1306
3791,35,960
3792,1,1462
3793,8,1462
3794,28,1462
3795,41,1462
3796,13,1462
3797,26,284
3798,31,284
3799,32,798
3800,27,798
3801,41,798
3802,39,798
3803,21,226
3804,24,226
3805,42,226
3806,6,27
3807,7,27
3808,34,27
3809,1,27
3810,15,27
3811,8,438
3812,31,1513
3813,3,1513
3814,41,1513
3815,27,230
3816,11,230
3817,37,230
3818,30,230
3819,2,38
3820,42,38
3821,31,38
3822,36,750
3823,17,750
3824,4,750
3825,16,750
3826,7,750
3827,21,1046
3828,27,1046
3829,2,470
3830,3,1328
3831,37,1328
3832,4,1529
3833,27,688
3834,7,1431
3835,17,1431
3836,21,1431
3837,39,1431
3838,22,1431
3839,9,640
3840,6,1344
3841,2,1344
3842,29,1344
3843,27,1344
3844,14,1344
3845,1,1219
3846,22,1219
3847,35,1159
3848,14,1159
3849,7,1159
3850,15,1159
3851,30,1299
3852,8,1299
3853,9,1299
3854,1,1299
3855,11,1299
3856,8,1416
3857,39,801
3858,5,161
3859,26,957
3860,22,957
3861,19,957
3862,37,957
3863,34,957
3864,33,1187
3865,31,1187
3866,5,822
3867,17,822
3868,28,822
3869,28,1320
3870,36,1320
3871,24,878
3872,37,878
3873,21,878
3874,8,914
3875,37,914
3876,15,914
3877,25,153
3878,23,153
3879,36,153
3880,38,153
3881,22,153
3882,40,1426
3883,30,1426
3884,23,510
3885,28,1136
3886,36,1136
3887,6,1136
3888,32,1251
3889,19,1251
3890,17,1251
3891,29,1251
3892,21,1380
3893,10,1380
3894,26,104
3895,1,104
3896,38,104
3897,6,104
3898,5,104
3899,38,587
3900,16,587
3901,41,587
3902,29,1378
3903,9,1378
3904,42,1378
3905,17,1144
3906,26,1144
3907,27,1144
3908,34,1144
3909,15,1144
3910,29,54
3911,34,54
3912,8,54
3913,25,152
3914,42,152
3915,33,404
3916,1,404
3917,19,404
3918,5,1510
3919,15,208
3920,39,208
3921,36,208
3922,34,1470
3923,8,1470
3924,14,1470
3925,22,1470
3926,13,1123
3927,5,1123
3928,6,1123
3929,5,1449
3930,24,9
3931,10,1015
3932,7,1396
3933,22,1396
3934,28,1396
3935,19,1061
3936,38,1061
3937,2,1061
3938,25,453
3939,21,453
3940,41,453
3941,17,254
3942,23,897
3943,8,897
3944,29,897
3945,27,897
3946,4,1358
3947,34,1358
3948,13,1358
3949,32,881
3950,2,881
3951,13,881
3952,12,881
3953,5,881
3954,12,1466
3955,37,1466
3956,13,1466
3957,8,1466
3958,22,624
3959,34,624
3960,42,346
3961,28,346
3962,7,346
3963,38,1336
3964,36,1336
3965,21,1336
3966,40,263
3967,23,263
3968,17,263
3969,13,263
3970,21,151
3971,12,151
3972,23,151
3973,35,151
3974,41,473
3975,9,473
3976,6,473
3977,4,473
3978,11,473
3979,10,641
3980,20,641
3981,6,641
3982,19,1542
3983,22,1463
3984,19,1463
3985,33,551
3986,2,551
3987,32,551
3988,18,551
3989,42,551
3990,37,929
3991,35,929
3992,21,929
3993,16,489
3994,28,489
3995,8,1409
3996,12,1409
3997,37,1409
3998,16,1409
3999,2,1409
4000,13,1172
4001,34,1172
4002,11,147
4003,41,147
4004,39,147
4005,28,403
4006,24,403
4007,36,403
4008,35,403
4009,29,955
4010,42,955
4011,9,955
4012,3,955
4013,13,1458
4014,36,660
4015,37,660
4016,23,660
4017,3,660
4018,22,464
4019,40,187
4020,23,187
4021,35,187
4022,32,1148
4023,19,1148
4024,12,1148
4025,17,1148
4026,13,1225
4027,38,1225
4028,22,1225
4029,19,1225
4030,42,609
4031,2,144
4032,11,144
4033,21,144
4034,35,144
4035,26,144
4036,30,752
4037,41,752
4038,39,752
4039,3,752
4040,15,752
4041,22,982
4042,18,982
4043,14,982
4044,33,198
4045,4,198
4046,17,198
4047,5,198
4048,17,884
4049,18,280
4050,10,280
4051,33,280
4052,6,280
4053,11,280
4054,39,294
4055,20,294
4056,31,294
4057,34,294
4058,13,1417
4059,35,1417
4060,20,1417
4061,5,401
4062,31,401
4063,6,401
4064,8,401
4065,23,401
4066,26,123
4067,6,123
4068,15,123
4069,11,123
4070,10,123
4071,17,1208
4072,31,1208
4073,26,1208
4074,5,1208
4075,35,203
4076,28,203
4077,11,203
4078,18,203
4079,20,203
4080,26,836
4081,32,836
4082,6,836
4083,23,836
4084,35,836
4085,31,247
4086,19,247
4087,29,247
4088,37,1475
4089,21,1475
4090,20,1461
4091,33,1461
4092,38,1154
4093,27,1154
4094,5,1154
4095,42,1154
4096,29,1154
4097,41,385
4098,25,385
4099,26,1384
4100,1,1384
4101,13,855
4102,9,855
4103,5,855
4104,30,220
4105,1,220
4106,25,220
4107,13,220
4108,31,642
4109,33,642
4110,41,2
4111,7,2
4112,6,2
4113,16,2
4114,31,113
4115,36,699
4116,29,699
4117,12,699
4118,20,699
4119,34,1484
4120,27,952
4121,41,952
4122,38,952
4123,23,952
4124,28,1367
4125,23,1367
4126,8,1367
4127,12,1292
4128,8,1292
4129,4,1406
4130,40,1406
4131,10,1406
4132,18,1406
4133,40,442
4134,28,442
4135,9,442
4136,42,442
4137,3,442
4138,22,1137
4139,28,1257
4140,30,1257
4141,4,664
4142,37,664
4143,39,664
4144,5,664
4145,35,664
4146,20,1425
4147,28,1425
4148,25,1425
4149,2,1425
4150,34,1425
4151,28,1258
4152,22,1258
4153,20,1258
4154,6,1258
4155,11,1381
4156,17,318
4157,16,318
4158,3,318
4159,9,318
4160,36,649
4161,15,649
4162,7,649
4163,29,710
4164,4,710
4165,9,710
4166,7,1283
4167,7,973
4168,29,973
4169,42,973
4170,26,628
4171,29,628
4172,20,633
4173,24,633
4174,34,1307
4175,6,1307
4176,33,1307
4177,20,1307
4178,17,1307
4179,3,1249
4180,35,1249
4181,9,1249
4182,28,1249
4183,10,1249
4184,13,1517
4185,36,1255
4186,38,1255
4187,22,1255
4188,15,1372
4189,28,1355
4190,39,1355
4191,13,1494
4192,5,1494
4193,36,1494
4194,6,1494
4195,42,1436
4196,18,1436
4197,5,1436
4198,26,1436
4199,19,1436
4200,14,796
4201,42,796
4202,9,796
4203,23,796
4204,38,796
4205,12,646
4206,20,646
4207,28,646
4208,41,646
4209,29,1013
4210,34,557
4211,39,557
4212,18,682
4213,1,682
4214,26,682
4215,19,682
4216,42,682
4217,21,578
4218,17,578
4219,9,578
4220,12,1110
4221,17,1110
4222,26,1110
4223,15,1110
4224,23,1110
4225,5,1267
4226,40,1184
4227,1,1184
4228,26,1184
4229,30,525
4230,37,525
4231,28,1060
4232,38,1060
4233,34,1060
4234,35,541
4235,23,541
4236,20,541
4237,6,1195
4238,18,1195
4239,31,1195
4240,27,1195
4241,31,749
4242,24,1439
4243,31,1439
4244,3,1439
4245,26,1439
4246,5,1439
4247,7,485
4248,21,96
4249,2,1021
4250,29,564
4251,13,564
4252,37,564
4253,26,564
4254,6,564
4255,21,1265
4256,7,743
4257,9,743
4258,13,743
4259,25,743
4260,21,864
4261,35,864
4262,42,892
4263,21,892
4264,40,892
4265,11,1039
4266,36,207
4267,7,207
4268,6,207
4269,24,393
4270,25,393
4271,18,393
4272,19,393
4273,6,795
4274,33,795
4275,3,795
4276,25,795
4277,37,795
4278,5,871
4279,16,871
4280,33,398
4281,28,398
4282,3,398
4283,1,398
4284,26,398
4285,9,767
4286,10,1429
4287,8,1429
4288,32,1429
4289,21,1429
4290,28,1242
4291,23,1242
4292,31,1029
4293,15,1029
4294,16,643
4295,21,643
4296,3,643
4297,4,643
4298,20,643
4299,34,613
4300,21,613
4301,3,961
4302,13,961
4303,35,961
4304,26,961
4305,33,726
4306,24,726
4307,10,726
4308,7,726
4309,23,726
4310,18,684
4311,35,684
4312,31,684
4313,26,684
4314,21,99
4315,27,805
4316,29,805
4317,2,407
4318,28,503
4319,33,503
4320,30,503
4321,34,503
4322,25,503
4323,26,1072
4324,39,1072
4325,34,1072
4326,31,1072
4327,28,1072
4328,3,1057
4329,15,1057
4330,42,930
4331,1,930
4332,19,930
4333,2,930
4334,10,780
4335,18,780
4336,38,780
4337,39,780
4338,16,780
4339,38,201
4340,21,201
4341,12,135
4342,7,1052
4343,26,1052
4344,18,41
4345,32,41
4346,41,41
4347,27,41
4348,7,41
4349,2,1018
4350,16,231
4351,19,231
4352,33,231
4353,23,231
4354,36,231
4355,1,379
4356,15,379
4357,20,289
4358,3,419
4359,33,419
4360,35,419
4361,17,419
4362,32,419
4363,40,392
4364,42,392
4365,33,392
4366,3,593
4367,33,593
4368,5,593
4369,29,593
4370,31,1163
4371,2,1163
4372,9,1163
4373,27,1163
4374,25,1087
4375,41,1087
4376,31,1087
4377,8,1087
4378,23,648
4379,20,648
4380,34,648
4381,8,648
4382,34,1153
4383,41,1153
4384,24,1153
4385,17,1368
4386,24,1368
4387,6,1368
4388,16,521
4389,37,65
4390,41,65
4391,29,15
4392,37,15
4393,7,15
4394,3,1181
4395,23,1181
4396,32,1065
4397,28,1065
4398,41,1065
4399,3,1065
4400,13,1065
4401,28,493
4402,10,380
4403,19,380
4404,17,380
4405,32,380
4406,36,188
4407,27,188
4408,34,764
4409,13,764
4410,32,217
4411,6,217
4412,36,217
4413,34,217
4414,34,792
4415,28,792
4416,30,792
4417,36,792
4418,4,1077
4419,24,1077
4420,18,1077
4421,41,1077
4422,28,1077
4423,29,879
4424,15,879
4425,28,879
4426,6,879
4427,2,879
4428,41,338
4429,17,720
4430,40,720
4431,33,296
4432,8,296
4433,35,1017
4434,37,1017
4435,17,1017
4436,37,1276
4437,36,1276
4438,6,1276
4439,9,456
4440,37,1554
4441,8,1554
4442,5,1554
4443,10,1554
4444,2,1554
4445,22,816
4446,13,816
4447,18,816
4448,23,816
4449,24,816
4450,11,270
4451,13,270
4452,26,270
4453,31,996
4454,12,202
4455,5,202
4456,22,202
4457,22,162
4458,4,162
4459,3,162
4460,40,162
4461,33,162
4462,27,730
4463,12,402
4464,6,402
4465,29,402
4466,15,402
4467,15,703
4468,18,703
4469,24,703
4470,29,1130
4471,2,1130
4472,11,1130
4473,29,566
4474,42,566
4475,37,566
4476,24,566
4477,5,1414
4478,11,1414
4479,13,1414
4480,36,1414
4481,9,1414
4482,9,1022
4483,20,1022
4484,40,1022
4485,41,1026
4486,1,1026
4487,16,1412
4488,3,1412
4489,22,1412
4490,4,1412
4491,15,1412
4492,21,1105
4493,17,1105
4494,42,206
4495,24,35
4496,18,35
4497,42,35
4498,34,35
4499,20,35
4500,34,776
4501,18,776
4502,20,776
4503,20,509
4504,36,509
4505,21,509
4506,35,509
4507,31,1452
4508,33,1452
4509,36,1452
4510,24,1452
4511,27,1479
4512,35,1479
4513,8,1479
4514,19,1479
4515,30,1532
4516,32,1532
4517,36,1532
4518,24,1532
4519,29,1532
4520,23,1391
4521,30,1391
4522,42,1391
4523,23,92
4524,37,1364
4525,16,1364
4526,2,1364
4527,24,898
4528,34,898
4529,39,898
4530,33,898
4531,41,898
4532,13,565
4533,25,565
4534,4,1370
4535,14,1370
4536,7,1370
4537,39,777
4538,15,777
4539,2,777
4540,38,777
4541,33,242
4542,18,242
4543,38,242
4544,3,14
4545,16,14
4546,27,316
4547,42,316
4548,31,601
4549,24,388
4550,27,388
4551,15,388
4552,21,388
4553,25,1298
4554,22,1298
4555,17,1298
4556,29,1298
4557,39,1298
4558,15,167
4559,21,167
4560,25,167
4561,13,167
4562,22,167
4563,18,841
4564,7,841
4565,1,841
4566,22,21
4567,5,21
4568,27,21
4569,18,21
4570,13,647
4571,22,1509
4572,5,1509
4573,27,1509
4574,37,1155
4575,13,1155
4576,31,1155
4577,21,1155
4578,21,832
4579,17,832
4580,42,832
4581,30,832
4582,35,832
4583,32,1268
4584,19,1268
4585,30,563
4586,14,563
4587,1,1537
4588,37,1537
4589,39,1537
4590,8,687
4591,16,687
4592,6,687
4593,22,958
4594,7,958
4595,14,958
4596,4,958
4597,1,958
4598,6,190
4599,33,190
4600,19,976
4601,27,700
4602,34,1500
4603,13,1500
4604,24,511
4605,1,511
4606,30,511
4607,26,1083
4608,13,1083
4609,29,475
4610,14,475
4611,21,475
4612,32,857
4613,41,857
4614,25,857
4615,6,857
4616,15,748
4617,37,748
4618,30,253
4619,5,253
4620,4,253
4621,25,253
4622,37,22
4623,3,1338
4624,27,1338
4625,23,1338
4626,42,1338
4627,6,460
4628,5,460
4629,40,460
4630,25,460
4631,2,1185
4632,17,1185
4633,10,1185
4634,25,277
4635,42,277
4636,33,956
4637,28,956
4638,12,956
4639,7,956
4640,28,1216
4641,31,1216
4642,13,386
4643,27,386
4644,36,386
4645,32,386
4646,29,386
4647,35,806
4648,4,806
4649,4,1438
4650,21,1438
4651,31,1438
4652,31,1516
4653,23,1516
4654,21,1516
4655,23,344
4656,38,344
4657,24,344
4658,20,344
4659,33,344
4660,6,770
4661,17,770
4662,38,770
4663,1,770
4664,1,1333
4665,6,131
4666,37,131
4667,17,131
4668,31,872
4669,29,872
4670,19,872
4671,3,872
4672,13,872
4673,2,1124
4674,41,1124
4675,31,1397
4676,28,1397
4677,36,1397
4678,30,88
4679,34,88
4680,41,88
4681,26,88
4682,11,1483
4683,29,1483
4684,22,1483
4685,16,1483
4686,1,331
4687,11,331
4688,26,1239
4689,23,1239
4690,22,1239
4691,32,467
4692,28,467
4693,4,467
4694,20,467
4695,16,122
4696,7,122
4697,30,122
4698,2,1045
4699,22,1045
4700,35,1096
4701,18,1096
4702,30,1096
4703,22,1096
4704,10,1131
4705,12,1131
4706,13,1131
4707,17,1295
4708,6,861
4709,2,861
4710,42,861
4711,30,1460
4712,40,1460
4713,36,1127
4714,3,1127
4715,28,1127
4716,2,1127
4717,31,1127
