ID;APPAREIL_ID
VOL02748;A071
VOL02753;A056
VOL02755;A085
VOL02758;A129
VOL02762;A072
VOL02782;A054
VOL02783;A051
VOL02784;A034
VOL02792;A031
VOL02809;A028
VOL02813;A019
VOL02816;A028
VOL02817;A112
VOL02819;A043
VOL02825;A085
VOL02831;A115
VOL02832;A109
VOL02834;A114
VOL02841;A104
VOL02843;A097
VOL02856;A102
VOL02857;A149
VOL02862;A138
VOL02866;A013
VOL02870;A062
VOL02875;A135
VOL02881;A141
VOL02884;A012
VOL02887;A053
VOL02896;A140
VOL02900;A043
VOL02909;A022
VOL02919;A138
VOL02920;A096
VOL02923;A039
VOL02930;A075
VOL02949;A098
VOL02951;A011
VOL02957;A013
VOL02959;A067
VOL02962;A089
VOL02965;A093
VOL02968;A136
VOL02973;A032
VOL02975;A106
VOL02978;A131
VOL02979;A059
VOL02983;A094
VOL02989;A142
VOL02994;A054
VOL02997;A143
VOL01729;A098
VOL01730;A121
VOL01733;A063
VOL01734;A017
VOL01743;A126
VOL01746;A109
VOL01754;A067
VOL01757;A044
VOL01761;A136
VOL01767;A059
VOL01775;A135
VOL01783;A048
VOL01787;A043
VOL01791;A024
VOL01809;A032
VOL01811;A142
VOL01812;A095
VOL01824;A129
VOL01841;A045
VOL01857;A104
VOL01860;A134
VOL01865;A135
VOL01870;A033
VOL01872;A053
VOL01893;A102
VOL01898;A113
VOL01903;A120
VOL01916;A090
VOL01917;A120
VOL01921;A076
VOL01922;A091
VOL01927;A123
VOL01930;A085
VOL01935;A003
VOL01939;A070
VOL01963;A010
VOL01967;A018
VOL01968;A040
VOL01969;A097
VOL01970;A085
VOL01977;A099
VOL01990;A107
VOL01991;A039
VOL01994;A146
VOL02002;A124
VOL02034;A104
VOL02036;A077
VOL02046;A026
VOL02063;A112
VOL02067;A107
VOL02073;A079
VOL02075;A125
VOL02076;A126
VOL02080;A111
VOL02094;A039
VOL02096;A110
VOL02099;A039
VOL02120;A001
VOL02127;A075
VOL02145;A122
VOL02146;A116
VOL02147;A092
VOL02148;A131
VOL02159;A039
VOL02160;A040
VOL02164;A031
VOL02167;A115
VOL02169;A039
VOL02170;A019
VOL02174;A149
VOL02179;A032
VOL02206;A048
VOL02216;A036
VOL02219;A127
VOL02222;A047
VOL02228;A096
VOL02231;A027
VOL02232;A124
VOL02238;A130
VOL02240;A136
VOL02258;A107
VOL02260;A147
VOL02265;A068
VOL02268;A059
VOL02269;A149
VOL02278;A116
VOL02279;A062
VOL02283;A013
VOL02288;A107
VOL02289;A005
VOL02297;A142
VOL02310;A085
VOL02317;A044
VOL02336;A062
VOL02343;A032
VOL02346;A120
VOL02355;A046
VOL02372;A008
VOL02373;A088
VOL02377;A132
VOL02383;A018
VOL02390;A095
VOL02394;A116
VOL02407;A035
VOL02409;A134
VOL02410;A144
VOL02413;A122
VOL02416;A142
VOL02425;A076
VOL02427;A028
VOL02429;A077
VOL02430;A036
VOL02439;A094
VOL02443;A077
VOL02446;A007
VOL02455;A030
VOL02458;A086
VOL02462;A148
VOL02464;A150
VOL02466;A060
VOL02469;A080
VOL02470;A141
VOL02471;A139
VOL02483;A108
VOL02490;A025
VOL02492;A028
VOL02493;A123
VOL02501;A041
VOL02502;A144
VOL02510;A005
VOL02516;A062
VOL02517;A105
VOL02518;A002
VOL02526;A016
VOL02531;A136
VOL02532;A075
VOL02536;A106
VOL02538;A074
VOL02541;A032
VOL02542;A108
VOL02544;A128
VOL02546;A030
VOL02547;A104
VOL02555;A064
VOL02561;A019
VOL02564;A056
VOL02571;A004
VOL02575;A053
VOL02580;A095
VOL02585;A071
VOL02586;A114
VOL02588;A038
VOL02590;A100
VOL02592;A049
VOL02604;A016
VOL02609;A053
VOL02612;A074
VOL02618;A004
VOL02636;A035
VOL02639;A125
VOL02641;A057
VOL02642;A142
VOL02645;A029
VOL02649;A066
VOL02653;A080
VOL02657;A146
VOL02672;A084
VOL02674;A108
VOL02679;A050
VOL02684;A065
VOL02687;A103
VOL02692;A098
VOL02694;A051
VOL02695;A063
VOL02697;A012
VOL02705;A059
VOL02708;A005
VOL02712;A036
VOL02720;A019
VOL02721;A027
VOL02728;A095
VOL02729;A025
VOL02730;A010
VOL02732;A003
VOL02733;A105
VOL00719;A065
VOL00729;A021
VOL00732;A023
VOL00737;A068
VOL00739;A116
VOL00747;A140
VOL00751;A011
VOL00753;A105
VOL00755;A119
VOL00766;A036
VOL00777;A056
VOL00780;A101
VOL00783;A070
VOL00784;A087
VOL00809;A061
VOL00816;A079
VOL00819;A080
VOL00824;A073
VOL00827;A033
VOL00828;A095
VOL00829;A145
VOL00832;A005
VOL00841;A122
VOL00843;A143
VOL00846;A085
VOL00856;A121
VOL00858;A081
VOL00859;A131
VOL00864;A021
VOL00867;A119
VOL00870;A116
VOL00873;A071
VOL00876;A016
VOL00877;A122
VOL00882;A092
VOL00883;A124
VOL00893;A031
VOL00895;A016
VOL00912;A021
VOL00915;A038
VOL00921;A081
VOL00924;A117
VOL00925;A071
VOL01276;A076
VOL01282;A065
VOL01283;A116
VOL01294;A078
VOL01301;A082
VOL01303;A008
VOL01307;A138
VOL01331;A080
VOL01332;A142
VOL01333;A116
VOL01334;A056
VOL01342;A018
VOL01343;A129
VOL01350;A013
VOL01355;A126
VOL01356;A045
VOL01357;A116
VOL01363;A110
VOL01369;A125
VOL01379;A088
VOL01383;A114
VOL01387;A036
VOL01398;A140
VOL01399;A028
VOL01409;A023
VOL01421;A147
VOL01424;A115
VOL01425;A140
VOL01426;A096
VOL01434;A030
VOL01438;A052
VOL01439;A038
VOL01446;A131
VOL01457;A063
VOL01459;A055
VOL01475;A018
VOL01479;A145
VOL01481;A064
VOL01487;A016
VOL01491;A102
VOL01497;A058
VOL01504;A134
VOL01512;A144
VOL01514;A038
VOL01519;A072
VOL01523;A138
VOL01525;A079
VOL01528;A125
VOL01533;A121
VOL01534;A087
VOL01541;A065
VOL01542;A069
VOL01549;A062
VOL01560;A109
VOL01565;A093
VOL01570;A119
VOL01584;A124
VOL01586;A146
VOL01589;A088
VOL01594;A032
VOL01600;A049
VOL01602;A127
VOL01612;A014
VOL01626;A011
VOL01629;A028
VOL01630;A141
VOL01635;A109
VOL01636;A053
VOL01639;A016
VOL01640;A003
VOL01646;A062
VOL01647;A060
VOL01654;A039
VOL01674;A057
VOL01676;A118
VOL01681;A028
VOL01683;A062
VOL01688;A115
VOL01689;A055
VOL01691;A026
VOL01709;A128
VOL01710;A130
VOL01715;A037
VOL01717;A097
VOL01719;A104
VOL00933;A032
VOL00934;A014
VOL00940;A081
VOL00943;A007
VOL00944;A112
VOL00945;A083
VOL00950;A073
VOL00952;A145
VOL00958;A128
VOL00961;A036
VOL00962;A039
VOL00973;A088
VOL00975;A127
VOL00979;A135
VOL00981;A102
VOL00993;A143
VOL00994;A007
VOL00997;A123
VOL01004;A129
VOL01006;A083
VOL01008;A102
VOL01010;A131
VOL01011;A075
VOL01013;A007
VOL01019;A010
VOL01021;A059
VOL01023;A126
VOL01027;A149
VOL01040;A131
VOL01041;A100
VOL01052;A116
VOL01054;A115
VOL01062;A028
VOL01072;A059
VOL01073;A146
VOL01074;A065
VOL01076;A131
VOL01077;A007
VOL01087;A118
VOL01095;A020
VOL01096;A028
VOL01098;A008
VOL01112;A049
VOL01119;A077
VOL01120;A009
VOL01121;A031
VOL01123;A037
VOL01128;A008
VOL01136;A149
VOL01139;A070
VOL01142;A123
VOL01145;A056
VOL01155;A045
VOL01156;A004
VOL01157;A148
VOL01159;A017
VOL01170;A001
VOL01180;A023
VOL01181;A095
VOL01194;A045
VOL01200;A075
VOL01201;A038
VOL01202;A127
VOL01211;A092
VOL01229;A029
VOL01233;A134
VOL01235;A148
VOL01236;A002
VOL01240;A059
VOL01248;A134
VOL01260;A130
VOL01264;A019
VOL01267;A104
VOL01272;A049
VOL01274;A005
VOL00002;A083
VOL00005;A149
VOL00007;A025
VOL00010;A138
VOL00014;A090
VOL00016;A058
VOL00018;A069
VOL00020;A014
VOL00026;A044
VOL00028;A144
VOL00031;A015
VOL00032;A089
VOL00039;A146
VOL00040;A065
VOL00041;A008
VOL00055;A105
VOL00060;A014
VOL00063;A019
VOL00066;A106
VOL00068;A050
VOL00070;A046
VOL00081;A105
VOL00082;A098
VOL00085;A088
VOL00088;A080
VOL00095;A048
VOL00097;A103
VOL00102;A087
VOL00103;A116
VOL00107;A006
VOL00111;A096
VOL00117;A002
VOL00118;A084
VOL00121;A008
VOL00125;A018
VOL00137;A046
VOL00139;A046
VOL00152;A133
VOL00153;A043
VOL00163;A030
VOL00167;A064
VOL00174;A011
VOL00176;A016
VOL00183;A145
VOL00184;A148
VOL00186;A134
VOL00192;A035
VOL00193;A115
VOL00202;A007
VOL00207;A124
VOL00210;A128
VOL00214;A011
VOL00226;A078
VOL00238;A012
VOL00240;A026
VOL00241;A118
VOL00244;A082
VOL00246;A053
VOL00262;A096
VOL00263;A103
VOL00265;A040
VOL00266;A037
VOL00270;A147
VOL00271;A080
VOL00275;A003
VOL00296;A138
VOL00297;A084
VOL00303;A074
VOL00321;A029
VOL00328;A062
VOL00338;A082
VOL00341;A004
VOL00342;A040
VOL00343;A088
VOL00346;A090
VOL00348;A052
VOL00349;A015
VOL00354;A130
VOL00355;A017
VOL00360;A113
VOL00369;A037
VOL00375;A105
VOL00376;A133
VOL00390;A015
VOL00393;A031
VOL00403;A073
VOL00407;A126
VOL00410;A117
VOL00413;A117
VOL00422;A042
VOL00445;A094
VOL00457;A094
VOL00462;A079
VOL00467;A028
VOL00477;A041
VOL00480;A111
VOL00487;A045
VOL00491;A103
VOL00492;A148
VOL00499;A034
VOL00510;A085
VOL00518;A017
VOL00523;A122
VOL00524;A087
VOL00532;A042
VOL00540;A121
VOL00546;A025
VOL00547;A011
VOL00548;A035
VOL00550;A122
VOL00554;A006
VOL00559;A047
VOL00567;A095
VOL00579;A091
VOL00584;A094
VOL00587;A132
VOL00590;A007
VOL00592;A082
VOL00597;A068
VOL00600;A087
VOL00605;A086
VOL00606;A142
VOL00607;A009
VOL00611;A005
VOL00612;A078
VOL00620;A097
VOL00624;A109
VOL00633;A073
VOL00635;A022
VOL00640;A030
VOL00645;A020
VOL00646;A046
VOL00648;A017
VOL00654;A003
VOL00657;A019
VOL00660;A118
VOL00663;A032
VOL00671;A001
VOL00673;A060
VOL00678;A083
VOL00679;A136
VOL00684;A048
VOL00691;A002
VOL00696;A037
VOL02748;A071
VOL02753;A056
VOL02755;A085
VOL02758;A129
VOL02762;A072
VOL02782;A054
VOL02783;A051
VOL02784;A034
VOL02792;A031
VOL02809;A028
VOL02813;A019
VOL02816;A028
VOL02817;A112
VOL02819;A043
VOL02825;A085
VOL02831;A115
VOL02832;A109
VOL02834;A114
VOL02841;A104
VOL02843;A097
VOL02856;A102
VOL02857;A149
VOL02862;A138
VOL02866;A013
VOL02870;A062
VOL02875;A135
VOL02881;A141
VOL02884;A012
VOL02887;A053
VOL02896;A140
VOL02900;A043
VOL02909;A022
VOL02919;A138
VOL02920;A096
VOL02923;A039
VOL02930;A075
VOL02949;A098
VOL02951;A011
VOL02957;A013
VOL02959;A067
VOL02962;A089
VOL02965;A093
VOL02968;A136
VOL02973;A032
VOL02975;A106
VOL02978;A131
VOL02979;A059
VOL02983;A094
VOL02989;A142
VOL02994;A054
VOL02997;A143
VOL01729;A098
VOL01730;A121
VOL01733;A063
VOL01734;A017
VOL01743;A126
VOL01746;A109
VOL01754;A067
VOL01757;A044
VOL01761;A136
VOL01767;A059
VOL01775;A135
VOL01783;A048
VOL01787;A043
VOL01791;A024
VOL01809;A032
VOL01811;A142
VOL01812;A095
VOL01824;A129
VOL01841;A045
VOL01857;A104
VOL01860;A134
VOL01865;A135
VOL01870;A033
VOL01872;A053
VOL01893;A102
VOL01898;A113
VOL01903;A120
VOL01916;A090
VOL01917;A120
VOL01921;A076
VOL01922;A091
VOL01927;A123
VOL01930;A085
VOL01935;A003
VOL01939;A070
VOL01963;A010
VOL01967;A018
VOL01968;A040
VOL01969;A097
VOL01970;A085
VOL01977;A099
VOL01990;A107
VOL01991;A039
VOL01994;A146
VOL02002;A124
VOL02034;A104
VOL02036;A077
VOL02046;A026
VOL02063;A112
VOL02067;A107
VOL02073;A079
VOL02075;A125
VOL02076;A126
VOL02080;A111
VOL02094;A039
VOL02096;A110
VOL02099;A039
VOL02120;A001
VOL02127;A075
VOL02145;A122
VOL02146;A116
VOL02147;A092
VOL02148;A131
VOL02159;A039
VOL02160;A040
VOL02164;A031
VOL02167;A115
VOL02169;A039
VOL02170;A019
VOL02174;A149
VOL02179;A032
VOL02206;A048
VOL02216;A036
VOL02219;A127
VOL02222;A047
VOL02228;A096
VOL02231;A027
VOL02232;A124
VOL02238;A130
VOL02240;A136
VOL02258;A107
VOL02260;A147
VOL02265;A068
VOL02268;A059
VOL02269;A149
VOL02278;A116
VOL02279;A062
VOL02283;A013
VOL02288;A107
VOL02289;A005
VOL02297;A142
VOL02310;A085
VOL02317;A044
VOL02336;A062
VOL02343;A032
VOL02346;A120
VOL02355;A046
VOL02372;A008
VOL02373;A088
VOL02377;A132
VOL02383;A018
VOL02390;A095
VOL02394;A116
VOL02407;A035
VOL02409;A134
VOL02410;A144
VOL02413;A122
VOL02416;A142
VOL02425;A076
VOL02427;A028
VOL02429;A077
VOL02430;A036
VOL02439;A094
VOL02443;A077
VOL02446;A007
VOL02455;A030
VOL02458;A086
VOL02462;A148
VOL02464;A150
VOL02466;A060
VOL02469;A080
VOL02470;A141
VOL02471;A139
VOL02483;A108
VOL02490;A025
VOL02492;A028
VOL02493;A123
VOL02501;A041
VOL02502;A144
VOL02510;A005
VOL02516;A062
VOL02517;A105
VOL02518;A002
VOL02526;A016
VOL02531;A136
VOL02532;A075
VOL02536;A106
VOL02538;A074
VOL02541;A032
VOL02542;A108
VOL02544;A128
VOL02546;A030
VOL02547;A104
VOL02555;A064
VOL02561;A019
VOL02564;A056
VOL02571;A004
VOL02575;A053
VOL02580;A095
VOL02585;A071
VOL02586;A114
VOL02588;A038
VOL02590;A100
VOL02592;A049
VOL02604;A016
VOL02609;A053
VOL02612;A074
VOL02618;A004
VOL02636;A035
VOL02639;A125
VOL02641;A057
VOL02642;A142
VOL02645;A029
VOL02649;A066
VOL02653;A080
VOL02657;A146
VOL02672;A084
VOL02674;A108
VOL02679;A050
VOL02684;A065
VOL02687;A103
VOL02692;A098
VOL02694;A051
VOL02695;A063
VOL02697;A012
VOL02705;A059
VOL02708;A005
VOL02712;A036
VOL02720;A019
VOL02721;A027
VOL02728;A095
VOL02729;A025
VOL02730;A010
VOL02732;A003
VOL02733;A105
VOL00719;A065
VOL00729;A021
VOL00732;A023
VOL00737;A068
VOL00739;A116
VOL00747;A140
VOL00751;A011
VOL00753;A105
VOL00755;A119
VOL00766;A036
VOL00777;A056
VOL00780;A101
VOL00783;A070
VOL00784;A087
VOL00809;A061
VOL00816;A079
VOL00819;A080
VOL00824;A073
VOL00827;A033
VOL00828;A095
VOL00829;A145
VOL00832;A005
VOL00841;A122
VOL00843;A143
VOL00846;A085
VOL00856;A121
VOL00858;A081
VOL00859;A131
VOL00864;A021
VOL00867;A119
VOL00870;A116
VOL00873;A071
VOL00876;A016
VOL00877;A122
VOL00882;A092
VOL00883;A124
VOL00893;A031
VOL00895;A016
VOL00912;A021
VOL00915;A038
VOL00921;A081
VOL00924;A117
VOL00925;A071
VOL01276;A076
VOL01282;A065
VOL01283;A116
VOL01294;A078
VOL01301;A082
VOL01303;A008
VOL01307;A138
VOL01331;A080
VOL01332;A142
VOL01333;A116
VOL01334;A056
VOL01342;A018
VOL01343;A129
VOL01350;A013
VOL01355;A126
VOL01356;A045
VOL01357;A116
VOL01363;A110
VOL01369;A125
VOL01379;A088
VOL01383;A114
VOL01387;A036
VOL01398;A140
VOL01399;A028
VOL01409;A023
VOL01421;A147
VOL01424;A115
VOL01425;A140
VOL01426;A096
VOL01434;A030
VOL01438;A052
VOL01439;A038
VOL01446;A131
VOL01457;A063
VOL01459;A055
VOL01475;A018
VOL01479;A145
VOL01481;A064
VOL01487;A016
VOL01491;A102
VOL01497;A058
VOL01504;A134
VOL01512;A144
VOL01514;A038
VOL01519;A072
VOL01523;A138
VOL01525;A079
VOL01528;A125
VOL01533;A121
VOL01534;A087
VOL01541;A065
VOL01542;A069
VOL01549;A062
VOL01560;A109
VOL01565;A093
VOL01570;A119
VOL01584;A124
VOL01586;A146
VOL01589;A088
VOL01594;A032
VOL01600;A049
VOL01602;A127
VOL01612;A014
VOL01626;A011
VOL01629;A028
VOL01630;A141
VOL01635;A109
VOL01636;A053
VOL01639;A016
VOL01640;A003
VOL01646;A062
VOL01647;A060
VOL01654;A039
VOL01674;A057
VOL01676;A118
VOL01681;A028
VOL01683;A062
VOL01688;A115
VOL01689;A055
VOL01691;A026
VOL01709;A128
VOL01710;A130
VOL01715;A037
VOL01717;A097
VOL01719;A104
VOL00933;A032
VOL00934;A014
VOL00940;A081
VOL00943;A007
VOL00944;A112
VOL00945;A083
VOL00950;A073
VOL00952;A145
VOL00958;A128
VOL00961;A036
VOL00962;A039
VOL00973;A088
VOL00975;A127
VOL00979;A135
VOL00981;A102
VOL00993;A143
VOL00994;A007
VOL00997;A123
VOL01004;A129
VOL01006;A083
VOL01008;A102
VOL01010;A131
VOL01011;A075
VOL01013;A007
VOL01019;A010
VOL01021;A059
VOL01023;A126
VOL01027;A149
VOL01040;A131
VOL01041;A100
VOL01052;A116
VOL01054;A115
VOL01062;A028
VOL01072;A059
VOL01073;A146
VOL01074;A065
VOL01076;A131
VOL01077;A007
VOL01087;A118
VOL01095;A020
VOL01096;A028
VOL01098;A008
VOL01112;A049
VOL01119;A077
VOL01120;A009
VOL01121;A031
VOL01123;A037
VOL01128;A008
VOL01136;A149
VOL01139;A070
VOL01142;A123
VOL01145;A056
VOL01155;A045
VOL01156;A004
VOL01157;A148
VOL01159;A017
VOL01170;A001
VOL01180;A023
VOL01181;A095
VOL01194;A045
VOL01200;A075
VOL01201;A038
VOL01202;A127
VOL01211;A092
VOL01229;A029
VOL01233;A134
VOL01235;A148
VOL01236;A002
VOL01240;A059
VOL01248;A134
VOL01260;A130
VOL01264;A019
VOL01267;A104
VOL01272;A049
VOL01274;A005
VOL00002;A083
VOL00005;A149
VOL00007;A025
VOL00010;A138
VOL00014;A090
VOL00016;A058
VOL00018;A069
VOL00020;A014
VOL00026;A044
VOL00028;A144
VOL00031;A015
VOL00032;A089
VOL00039;A146
VOL00040;A065
VOL00041;A008
VOL00055;A105
VOL00060;A014
VOL00063;A019
VOL00066;A106
VOL00068;A050
VOL00070;A046
VOL00081;A105
VOL00082;A098
VOL00085;A088
VOL00088;A080
VOL00095;A048
VOL00097;A103
VOL00102;A087
VOL00103;A116
VOL00107;A006
VOL00111;A096
VOL00117;A002
VOL00118;A084
VOL00121;A008
VOL00125;A018
VOL00137;A046
VOL00139;A046
VOL00152;A133
VOL00153;A043
VOL00163;A030
VOL00167;A064
VOL00174;A011
VOL00176;A016
VOL00183;A145
VOL00184;A148
VOL00186;A134
VOL00192;A035
VOL00193;A115
VOL00202;A007
VOL00207;A124
VOL00210;A128
VOL00214;A011
VOL00226;A078
VOL00238;A012
VOL00240;A026
VOL00241;A118
VOL00244;A082
VOL00246;A053
VOL00262;A096
VOL00263;A103
VOL00265;A040
VOL00266;A037
VOL00270;A147
VOL00271;A080
VOL00275;A003
VOL00296;A138
VOL00297;A084
VOL00303;A074
VOL00321;A029
VOL00328;A062
VOL00338;A082
VOL00341;A004
VOL00342;A040
VOL00343;A088
VOL00346;A090
VOL00348;A052
VOL00349;A015
VOL00354;A130
VOL00355;A017
VOL00360;A113
VOL00369;A037
VOL00375;A105
VOL00376;A133
VOL00390;A015
VOL00393;A031
VOL00403;A073
VOL00407;A126
VOL00410;A117
VOL00413;A117
VOL00422;A042
VOL00445;A094
VOL00457;A094
VOL00462;A079
VOL00467;A028
VOL00477;A041
VOL00480;A111
VOL00487;A045
VOL00491;A103
VOL00492;A148
VOL00499;A034
VOL00510;A085
VOL00518;A017
VOL00523;A122
VOL00524;A087
VOL00532;A042
VOL00540;A121
VOL00546;A025
VOL00547;A011
VOL00548;A035
VOL00550;A122
VOL00554;A006
VOL00559;A047
VOL00567;A095
VOL00579;A091
VOL00584;A094
VOL00587;A132
VOL00590;A007
VOL00592;A082
VOL00597;A068
VOL00600;A087
VOL00605;A086
VOL00606;A142
VOL00607;A009
VOL00611;A005
VOL00612;A078
VOL00620;A097
VOL00624;A109
VOL00633;A073
VOL00635;A022
VOL00640;A030
VOL00645;A020
VOL00646;A046
VOL00648;A017
VOL00654;A003
VOL00657;A019
VOL00660;A118
VOL00663;A032
VOL00671;A001
VOL00673;A060
VOL00678;A083
VOL00679;A136
VOL00684;A048
VOL00691;A002
VOL00696;A037
VOL02748;A071
VOL02753;A056
VOL02755;A085
VOL02758;A129
VOL02762;A072
VOL02782;A054
VOL02783;A051
VOL02784;A034
VOL02792;A031
VOL02809;A028
VOL02813;A019
VOL02816;A028
VOL02817;A112
VOL02819;A043
VOL02825;A085
VOL02831;A115
VOL02832;A109
VOL02834;A114
VOL02841;A104
VOL02843;A097
VOL02856;A102
VOL02857;A149
VOL02862;A138
VOL02866;A013
VOL02870;A062
VOL02875;A135
VOL02881;A141
VOL02884;A012
VOL02887;A053
VOL02896;A140
VOL02900;A043
VOL02909;A022
VOL02919;A138
VOL02920;A096
VOL02923;A039
VOL02930;A075
VOL02949;A098
VOL02951;A011
VOL02957;A013
VOL02959;A067
VOL02962;A089
VOL02965;A093
VOL02968;A136
VOL02973;A032
VOL02975;A106
VOL02978;A131
VOL02979;A059
VOL02983;A094
VOL02989;A142
VOL02994;A054
VOL02997;A143
VOL01729;A098
VOL01730;A121
VOL01733;A063
VOL01734;A017
VOL01743;A126
VOL01746;A109
VOL01754;A067
VOL01757;A044
VOL01761;A136
VOL01767;A059
VOL01775;A135
VOL01783;A048
VOL01787;A043
VOL01791;A024
VOL01809;A032
VOL01811;A142
VOL01812;A095
VOL01824;A129
VOL01841;A045
VOL01857;A104
VOL01860;A134
VOL01865;A135
VOL01870;A033
VOL01872;A053
VOL01893;A102
VOL01898;A113
VOL01903;A120
VOL01916;A090
VOL01917;A120
VOL01921;A076
VOL01922;A091
VOL01927;A123
VOL01930;A085
VOL01935;A003
VOL01939;A070
VOL01963;A010
VOL01967;A018
VOL01968;A040
VOL01969;A097
VOL01970;A085
VOL01977;A099
VOL01990;A107
VOL01991;A039
VOL01994;A146
VOL02002;A124
VOL02034;A104
VOL02036;A077
VOL02046;A026
VOL02063;A112
VOL02067;A107
VOL02073;A079
VOL02075;A125
VOL02076;A126
VOL02080;A111
VOL02094;A039
VOL02096;A110
VOL02099;A039
VOL02120;A001
VOL02127;A075
VOL02145;A122
VOL02146;A116
VOL02147;A092
VOL02148;A131
VOL02159;A039
VOL02160;A040
VOL02164;A031
VOL02167;A115
VOL02169;A039
VOL02170;A019
VOL02174;A149
VOL02179;A032
VOL02206;A048
VOL02216;A036
VOL02219;A127
VOL02222;A047
VOL02228;A096
VOL02231;A027
VOL02232;A124
VOL02238;A130
VOL02240;A136
VOL02258;A107
VOL02260;A147
VOL02265;A068
VOL02268;A059
VOL02269;A149
VOL02278;A116
VOL02279;A062
VOL02283;A013
VOL02288;A107
VOL02289;A005
VOL02297;A142
VOL02310;A085
VOL02317;A044
VOL02336;A062
VOL02343;A032
VOL02346;A120
VOL02355;A046
VOL02372;A008
VOL02373;A088
VOL02377;A132
VOL02383;A018
VOL02390;A095
VOL02394;A116
VOL02407;A035
VOL02409;A134
VOL02410;A144
VOL02413;A122
VOL02416;A142
VOL02425;A076
VOL02427;A028
VOL02429;A077
VOL02430;A036
VOL02439;A094
VOL02443;A077
VOL02446;A007
VOL02455;A030
VOL02458;A086
VOL02462;A148
VOL02464;A150
VOL02466;A060
VOL02469;A080
VOL02470;A141
VOL02471;A139
VOL02483;A108
VOL02490;A025
VOL02492;A028
VOL02493;A123
VOL02501;A041
VOL02502;A144
VOL02510;A005
VOL02516;A062
VOL02517;A105
VOL02518;A002
VOL02526;A016
VOL02531;A136
VOL02532;A075
VOL02536;A106
VOL02538;A074
VOL02541;A032
VOL02542;A108
VOL02544;A128
VOL02546;A030
VOL02547;A104
VOL02555;A064
VOL02561;A019
VOL02564;A056
VOL02571;A004
VOL02575;A053
VOL02580;A095
VOL02585;A071
VOL02586;A114
VOL02588;A038
VOL02590;A100
VOL02592;A049
VOL02604;A016
VOL02609;A053
VOL02612;A074
VOL02618;A004
VOL02636;A035
VOL02639;A125
VOL02641;A057
VOL02642;A142
VOL02645;A029
VOL02649;A066
VOL02653;A080
VOL02657;A146
VOL02672;A084
VOL02674;A108
VOL02679;A050
VOL02684;A065
VOL02687;A103
VOL02692;A098
VOL02694;A051
VOL02695;A063
VOL02697;A012
VOL02705;A059
VOL02708;A005
VOL02712;A036
VOL02720;A019
VOL02721;A027
VOL02728;A095
VOL02729;A025
VOL02730;A010
VOL02732;A003
VOL02733;A105
VOL00719;A065
VOL00729;A021
VOL00732;A023
VOL00737;A068
VOL00739;A116
VOL00747;A140
VOL00751;A011
VOL00753;A105
VOL00755;A119
VOL00766;A036
VOL00777;A056
VOL00780;A101
VOL00783;A070
VOL00784;A087
VOL00809;A061
VOL00816;A079
VOL00819;A080
VOL00824;A073
VOL00827;A033
VOL00828;A095
VOL00829;A145
VOL00832;A005
VOL00841;A122
VOL00843;A143
VOL00846;A085
VOL00856;A121
VOL00858;A081
VOL00859;A131
VOL00864;A021
VOL00867;A119
VOL00870;A116
VOL00873;A071
VOL00876;A016
VOL00877;A122
VOL00882;A092
VOL00883;A124
VOL00893;A031
VOL00895;A016
VOL00912;A021
VOL00915;A038
VOL00921;A081
VOL00924;A117
VOL00925;A071
VOL01276;A076
VOL01282;A065
VOL01283;A116
VOL01294;A078
VOL01301;A082
VOL01303;A008
VOL01307;A138
VOL01331;A080
VOL01332;A142
VOL01333;A116
VOL01334;A056
VOL01342;A018
VOL01343;A129
VOL01350;A013
VOL01355;A126
VOL01356;A045
VOL01357;A116
VOL01363;A110
VOL01369;A125
VOL01379;A088
VOL01383;A114
VOL01387;A036
VOL01398;A140
VOL01399;A028
VOL01409;A023
VOL01421;A147
VOL01424;A115
VOL01425;A140
VOL01426;A096
VOL01434;A030
VOL01438;A052
VOL01439;A038
VOL01446;A131
VOL01457;A063
VOL01459;A055
VOL01475;A018
VOL01479;A145
VOL01481;A064
VOL01487;A016
VOL01491;A102
VOL01497;A058
VOL01504;A134
VOL01512;A144
VOL01514;A038
VOL01519;A072
VOL01523;A138
VOL01525;A079
VOL01528;A125
VOL01533;A121
VOL01534;A087
VOL01541;A065
VOL01542;A069
VOL01549;A062
VOL01560;A109
VOL01565;A093
VOL01570;A119
VOL01584;A124
VOL01586;A146
VOL01589;A088
VOL01594;A032
VOL01600;A049
VOL01602;A127
VOL01612;A014
VOL01626;A011
VOL01629;A028
VOL01630;A141
VOL01635;A109
VOL01636;A053
VOL01639;A016
VOL01640;A003
VOL01646;A062
VOL01647;A060
VOL01654;A039
VOL01674;A057
VOL01676;A118
VOL01681;A028
VOL01683;A062
VOL01688;A115
VOL01689;A055
VOL01691;A026
VOL01709;A128
VOL01710;A130
VOL01715;A037
VOL01717;A097
VOL01719;A104
VOL00933;A032
VOL00934;A014
VOL00940;A081
VOL00943;A007
VOL00944;A112
VOL00945;A083
VOL00950;A073
VOL00952;A145
VOL00958;A128
VOL00961;A036
VOL00962;A039
VOL00973;A088
VOL00975;A127
VOL00979;A135
VOL00981;A102
VOL00993;A143
VOL00994;A007
VOL00997;A123
VOL01004;A129
VOL01006;A083
VOL01008;A102
VOL01010;A131
VOL01011;A075
VOL01013;A007
VOL01019;A010
VOL01021;A059
VOL01023;A126
VOL01027;A149
VOL01040;A131
VOL01041;A100
VOL01052;A116
VOL01054;A115
VOL01062;A028
VOL01072;A059
VOL01073;A146
VOL01074;A065
VOL01076;A131
VOL01077;A007
VOL01087;A118
VOL01095;A020
VOL01096;A028
VOL01098;A008
VOL01112;A049
VOL01119;A077
VOL01120;A009
VOL01121;A031
VOL01123;A037
VOL01128;A008
VOL01136;A149
VOL01139;A070
VOL01142;A123
VOL01145;A056
VOL01155;A045
VOL01156;A004
VOL01157;A148
VOL01159;A017
VOL01170;A001
VOL01180;A023
VOL01181;A095
VOL01194;A045
VOL01200;A075
VOL01201;A038
VOL01202;A127
VOL01211;A092
VOL01229;A029
VOL01233;A134
VOL01235;A148
VOL01236;A002
VOL01240;A059
VOL01248;A134
VOL01260;A130
VOL01264;A019
VOL01267;A104
VOL01272;A049
VOL01274;A005
VOL00002;A083
VOL00005;A149
VOL00007;A025
VOL00010;A138
VOL00014;A090
VOL00016;A058
VOL00018;A069
VOL00020;A014
VOL00026;A044
VOL00028;A144
VOL00031;A015
VOL00032;A089
VOL00039;A146
VOL00040;A065
VOL00041;A008
VOL00055;A105
VOL00060;A014
VOL00063;A019
VOL00066;A106
VOL00068;A050
VOL00070;A046
VOL00081;A105
VOL00082;A098
VOL00085;A088
VOL00088;A080
VOL00095;A048
VOL00097;A103
VOL00102;A087
VOL00103;A116
VOL00107;A006
VOL00111;A096
VOL00117;A002
VOL00118;A084
VOL00121;A008
VOL00125;A018
VOL00137;A046
VOL00139;A046
VOL00152;A133
VOL00153;A043
VOL00163;A030
VOL00167;A064
VOL00174;A011
VOL00176;A016
VOL00183;A145
VOL00184;A148
VOL00186;A134
VOL00192;A035
VOL00193;A115
VOL00202;A007
VOL00207;A124
VOL00210;A128
VOL00214;A011
VOL00226;A078
VOL00238;A012
VOL00240;A026
VOL00241;A118
VOL00244;A082
VOL00246;A053
VOL00262;A096
VOL00263;A103
VOL00265;A040
VOL00266;A037
VOL00270;A147
VOL00271;A080
VOL00275;A003
VOL00296;A138
VOL00297;A084
VOL00303;A074
VOL00321;A029
VOL00328;A062
VOL00338;A082
VOL00341;A004
VOL00342;A040
VOL00343;A088
VOL00346;A090
VOL00348;A052
VOL00349;A015
VOL00354;A130
VOL00355;A017
VOL00360;A113
VOL00369;A037
VOL00375;A105
VOL00376;A133
VOL00390;A015
VOL00393;A031
VOL00403;A073
VOL00407;A126
VOL00410;A117
VOL00413;A117
VOL00422;A042
VOL00445;A094
VOL00457;A094
VOL00462;A079
VOL00467;A028
VOL00477;A041
VOL00480;A111
VOL00487;A045
VOL00491;A103
VOL00492;A148
VOL00499;A034
VOL00510;A085
VOL00518;A017
VOL00523;A122
VOL00524;A087
VOL00532;A042
VOL00540;A121
VOL00546;A025
VOL00547;A011
VOL00548;A035
VOL00550;A122
VOL00554;A006
VOL00559;A047
VOL00567;A095
VOL00579;A091
VOL00584;A094
VOL00587;A132
VOL00590;A007
VOL00592;A082
VOL00597;A068
VOL00600;A087
VOL00605;A086
VOL00606;A142
VOL00607;A009
VOL00611;A005
VOL00612;A078
VOL00620;A097
VOL00624;A109
VOL00633;A073
VOL00635;A022
VOL00640;A030
VOL00645;A020
VOL00646;A046
VOL00648;A017
VOL00654;A003
VOL00657;A019
VOL00660;A118
VOL00663;A032
VOL00671;A001
VOL00673;A060
VOL00678;A083
VOL00679;A136
VOL00684;A048
VOL00691;A002
VOL00696;A037
VOL02748;A071
VOL02753;A056
VOL02755;A085
VOL02758;A129
VOL02762;A072
VOL02782;A054
VOL02783;A051
VOL02784;A034
VOL02792;A031
VOL02809;A028
VOL02813;A019
VOL02816;A028
VOL02817;A112
VOL02819;A043
VOL02825;A085
VOL02831;A115
VOL02832;A109
VOL02834;A114
VOL02841;A104
VOL02843;A097
VOL02856;A102
VOL02857;A149
VOL02862;A138
VOL02866;A013
VOL02870;A062
VOL02875;A135
VOL02881;A141
VOL02884;A012
VOL02887;A053
VOL02896;A140
VOL02900;A043
VOL02909;A022
VOL02919;A138
VOL02920;A096
VOL02923;A039
VOL02930;A075
VOL02949;A098
VOL02951;A011
VOL02957;A013
VOL02959;A067
VOL02962;A089
VOL02965;A093
VOL02968;A136
VOL02973;A032
VOL02975;A106
VOL02978;A131
VOL02979;A059
VOL02983;A094
VOL02989;A142
VOL02994;A054
VOL02997;A143
VOL01729;A098
VOL01730;A121
VOL01733;A063
VOL01734;A017
VOL01743;A126
VOL01746;A109
VOL01754;A067
VOL01757;A044
VOL01761;A136
VOL01767;A059
VOL01775;A135
VOL01783;A048
VOL01787;A043
VOL01791;A024
VOL01809;A032
VOL01811;A142
VOL01812;A095
VOL01824;A129
VOL01841;A045
VOL01857;A104
VOL01860;A134
VOL01865;A135
VOL01870;A033
VOL01872;A053
VOL01893;A102
VOL01898;A113
VOL01903;A120
VOL01916;A090
VOL01917;A120
VOL01921;A076
VOL01922;A091
VOL01927;A123
VOL01930;A085
VOL01935;A003
VOL01939;A070
VOL01963;A010
VOL01967;A018
VOL01968;A040
VOL01969;A097
VOL01970;A085
VOL01977;A099
VOL01990;A107
VOL01991;A039
VOL01994;A146
VOL02002;A124
VOL02034;A104
VOL02036;A077
VOL02046;A026
VOL02063;A112
VOL02067;A107
VOL02073;A079
VOL02075;A125
VOL02076;A126
VOL02080;A111
VOL02094;A039
VOL02096;A110
VOL02099;A039
VOL02120;A001
VOL02127;A075
VOL02145;A122
VOL02146;A116
VOL02147;A092
VOL02148;A131
VOL02159;A039
VOL02160;A040
VOL02164;A031
VOL02167;A115
VOL02169;A039
VOL02170;A019
VOL02174;A149
VOL02179;A032
VOL02206;A048
VOL02216;A036
VOL02219;A127
VOL02222;A047
VOL02228;A096
VOL02231;A027
VOL02232;A124
VOL02238;A130
VOL02240;A136
VOL02258;A107
VOL02260;A147
VOL02265;A068
VOL02268;A059
VOL02269;A149
VOL02278;A116
VOL02279;A062
VOL02283;A013
VOL02288;A107
VOL02289;A005
VOL02297;A142
VOL02310;A085
VOL02317;A044
VOL02336;A062
VOL02343;A032
VOL02346;A120
VOL02355;A046
VOL02372;A008
VOL02373;A088
VOL02377;A132
VOL02383;A018
VOL02390;A095
VOL02394;A116
VOL02407;A035
VOL02409;A134
VOL02410;A144
VOL02413;A122
VOL02416;A142
VOL02425;A076
VOL02427;A028
VOL02429;A077
VOL02430;A036
VOL02439;A094
VOL02443;A077
VOL02446;A007
VOL02455;A030
VOL02458;A086
VOL02462;A148
VOL02464;A150
VOL02466;A060
VOL02469;A080
VOL02470;A141
VOL02471;A139
VOL02483;A108
VOL02490;A025
VOL02492;A028
VOL02493;A123
VOL02501;A041
VOL02502;A144
VOL02510;A005
VOL02516;A062
VOL02517;A105
VOL02518;A002
VOL02526;A016
VOL02531;A136
VOL02532;A075
VOL02536;A106
VOL02538;A074
VOL02541;A032
VOL02542;A108
VOL02544;A128
VOL02546;A030
VOL02547;A104
VOL02555;A064
VOL02561;A019
VOL02564;A056
VOL02571;A004
VOL02575;A053
VOL02580;A095
VOL02585;A071
VOL02586;A114
VOL02588;A038
VOL02590;A100
VOL02592;A049
VOL02604;A016
VOL02609;A053
VOL02612;A074
VOL02618;A004
VOL02636;A035
VOL02639;A125
VOL02641;A057
VOL02642;A142
VOL02645;A029
VOL02649;A066
VOL02653;A080
VOL02657;A146
VOL02672;A084
VOL02674;A108
VOL02679;A050
VOL02684;A065
VOL02687;A103
VOL02692;A098
VOL02694;A051
VOL02695;A063
VOL02697;A012
VOL02705;A059
VOL02708;A005
VOL02712;A036
VOL02720;A019
VOL02721;A027
VOL02728;A095
VOL02729;A025
VOL02730;A010
VOL02732;A003
VOL02733;A105
VOL00719;A065
VOL00729;A021
VOL00732;A023
VOL00737;A068
VOL00739;A116
VOL00747;A140
VOL00751;A011
VOL00753;A105
VOL00755;A119
VOL00766;A036
VOL00777;A056
VOL00780;A101
VOL00783;A070
VOL00784;A087
VOL00809;A061
VOL00816;A079
VOL00819;A080
VOL00824;A073
VOL00827;A033
VOL00828;A095
VOL00829;A145
VOL00832;A005
VOL00841;A122
VOL00843;A143
VOL00846;A085
VOL00856;A121
VOL00858;A081
VOL00859;A131
VOL00864;A021
VOL00867;A119
VOL00870;A116
VOL00873;A071
VOL00876;A016
VOL00877;A122
VOL00882;A092
VOL00883;A124
VOL00893;A031
VOL00895;A016
VOL00912;A021
VOL00915;A038
VOL00921;A081
VOL00924;A117
VOL00925;A071
VOL01276;A076
VOL01282;A065
VOL01283;A116
VOL01294;A078
VOL01301;A082
VOL01303;A008
VOL01307;A138
VOL01331;A080
VOL01332;A142
VOL01333;A116
VOL01334;A056
VOL01342;A018
VOL01343;A129
VOL01350;A013
VOL01355;A126
VOL01356;A045
VOL01357;A116
VOL01363;A110
VOL01369;A125
VOL01379;A088
VOL01383;A114
VOL01387;A036
VOL01398;A140
VOL01399;A028
VOL01409;A023
VOL01421;A147
VOL01424;A115
VOL01425;A140
VOL01426;A096
VOL01434;A030
VOL01438;A052
VOL01439;A038
VOL01446;A131
VOL01457;A063
VOL01459;A055
VOL01475;A018
VOL01479;A145
VOL01481;A064
VOL01487;A016
VOL01491;A102
VOL01497;A058
VOL01504;A134
VOL01512;A144
VOL01514;A038
VOL01519;A072
VOL01523;A138
VOL01525;A079
VOL01528;A125
VOL01533;A121
VOL01534;A087
VOL01541;A065
VOL01542;A069
VOL01549;A062
VOL01560;A109
VOL01565;A093
VOL01570;A119
VOL01584;A124
VOL01586;A146
VOL01589;A088
VOL01594;A032
VOL01600;A049
VOL01602;A127
VOL01612;A014
VOL01626;A011
VOL01629;A028
VOL01630;A141
VOL01635;A109
VOL01636;A053
VOL01639;A016
VOL01640;A003
VOL01646;A062
VOL01647;A060
VOL01654;A039
VOL01674;A057
VOL01676;A118
VOL01681;A028
VOL01683;A062
VOL01688;A115
VOL01689;A055
VOL01691;A026
VOL01709;A128
VOL01710;A130
VOL01715;A037
VOL01717;A097
VOL01719;A104
VOL00933;A032
VOL00934;A014
VOL00940;A081
VOL00943;A007
VOL00944;A112
VOL00945;A083
VOL00950;A073
VOL00952;A145
VOL00958;A128
VOL00961;A036
VOL00962;A039
VOL00973;A088
VOL00975;A127
VOL00979;A135
VOL00981;A102
VOL00993;A143
VOL00994;A007
VOL00997;A123
VOL01004;A129
VOL01006;A083
VOL01008;A102
VOL01010;A131
VOL01011;A075
VOL01013;A007
VOL01019;A010
VOL01021;A059
VOL01023;A126
VOL01027;A149
VOL01040;A131
VOL01041;A100
VOL01052;A116
VOL01054;A115
VOL01062;A028
VOL01072;A059
VOL01073;A146
VOL01074;A065
VOL01076;A131
VOL01077;A007
VOL01087;A118
VOL01095;A020
VOL01096;A028
VOL01098;A008
VOL01112;A049
VOL01119;A077
VOL01120;A009
VOL01121;A031
VOL01123;A037
VOL01128;A008
VOL01136;A149
VOL01139;A070
VOL01142;A123
VOL01145;A056
VOL01155;A045
VOL01156;A004
VOL01157;A148
VOL01159;A017
VOL01170;A001
VOL01180;A023
VOL01181;A095
VOL01194;A045
VOL01200;A075
VOL01201;A038
VOL01202;A127
VOL01211;A092
VOL01229;A029
VOL01233;A134
VOL01235;A148
VOL01236;A002
VOL01240;A059
VOL01248;A134
VOL01260;A130
VOL01264;A019
VOL01267;A104
VOL01272;A049
VOL01274;A005
VOL00002;A083
VOL00005;A149
VOL00007;A025
VOL00010;A138
VOL00014;A090
VOL00016;A058
VOL00018;A069
VOL00020;A014
VOL00026;A044
VOL00028;A144
VOL00031;A015
VOL00032;A089
VOL00039;A146
VOL00040;A065
VOL00041;A008
VOL00055;A105
VOL00060;A014
VOL00063;A019
VOL00066;A106
VOL00068;A050
VOL00070;A046
VOL00081;A105
VOL00082;A098
VOL00085;A088
VOL00088;A080
VOL00095;A048
VOL00097;A103
VOL00102;A087
VOL00103;A116
VOL00107;A006
VOL00111;A096
VOL00117;A002
VOL00118;A084
VOL00121;A008
VOL00125;A018
VOL00137;A046
VOL00139;A046
VOL00152;A133
VOL00153;A043
VOL00163;A030
VOL00167;A064
VOL00174;A011
VOL00176;A016
VOL00183;A145
VOL00184;A148
VOL00186;A134
VOL00192;A035
VOL00193;A115
VOL00202;A007
VOL00207;A124
VOL00210;A128
VOL00214;A011
VOL00226;A078
VOL00238;A012
VOL00240;A026
VOL00241;A118
VOL00244;A082
VOL00246;A053
VOL00262;A096
VOL00263;A103
VOL00265;A040
VOL00266;A037
VOL00270;A147
VOL00271;A080
VOL00275;A003
VOL00296;A138
VOL00297;A084
VOL00303;A074
VOL00321;A029
VOL00328;A062
VOL00338;A082
VOL00341;A004
VOL00342;A040
VOL00343;A088
VOL00346;A090
VOL00348;A052
VOL00349;A015
VOL00354;A130
VOL00355;A017
VOL00360;A113
VOL00369;A037
VOL00375;A105
VOL00376;A133
VOL00390;A015
VOL00393;A031
VOL00403;A073
VOL00407;A126
VOL00410;A117
VOL00413;A117
VOL00422;A042
VOL00445;A094
VOL00457;A094
VOL00462;A079
VOL00467;A028
VOL00477;A041
VOL00480;A111
VOL00487;A045
VOL00491;A103
VOL00492;A148
VOL00499;A034
VOL00510;A085
VOL00518;A017
VOL00523;A122
VOL00524;A087
VOL00532;A042
VOL00540;A121
VOL00546;A025
VOL00547;A011
VOL00548;A035
VOL00550;A122
VOL00554;A006
VOL00559;A047
VOL00567;A095
VOL00579;A091
VOL00584;A094
VOL00587;A132
VOL00590;A007
VOL00592;A082
VOL00597;A068
VOL00600;A087
VOL00605;A086
VOL00606;A142
VOL00607;A009
VOL00611;A005
VOL00612;A078
VOL00620;A097
VOL00624;A109
VOL00633;A073
VOL00635;A022
VOL00640;A030
VOL00645;A020
VOL00646;A046
VOL00648;A017
VOL00654;A003
VOL00657;A019
VOL00660;A118
VOL00663;A032
VOL00671;A001
VOL00673;A060
VOL00678;A083
VOL00679;A136
VOL00684;A048
VOL00691;A002
VOL00696;A037
VOL02748;A071
VOL02753;A056
VOL02755;A085
VOL02758;A129
VOL02762;A072
VOL02782;A054
VOL02783;A051
VOL02784;A034
VOL02792;A031
VOL02809;A028
VOL02813;A019
VOL02816;A028
VOL02817;A112
VOL02819;A043
VOL02825;A085
VOL02831;A115
VOL02832;A109
VOL02834;A114
VOL02841;A104
VOL02843;A097
VOL02856;A102
VOL02857;A149
VOL02862;A138
VOL02866;A013
VOL02870;A062
VOL02875;A135
VOL02881;A141
VOL02884;A012
VOL02887;A053
VOL02896;A140
VOL02900;A043
VOL02909;A022
VOL02919;A138
VOL02920;A096
VOL02923;A039
VOL02930;A075
VOL02949;A098
VOL02951;A011
VOL02957;A013
VOL02959;A067
VOL02962;A089
VOL02965;A093
VOL02968;A136
VOL02973;A032
VOL02975;A106
VOL02978;A131
VOL02979;A059
VOL02983;A094
VOL02989;A142
VOL02994;A054
VOL02997;A143
VOL01729;A098
VOL01730;A121
VOL01733;A063
VOL01734;A017
VOL01743;A126
VOL01746;A109
VOL01754;A067
VOL01757;A044
VOL01761;A136
VOL01767;A059
VOL01775;A135
VOL01783;A048
VOL01787;A043
VOL01791;A024
VOL01809;A032
VOL01811;A142
VOL01812;A095
VOL01824;A129
VOL01841;A045
VOL01857;A104
VOL01860;A134
VOL01865;A135
VOL01870;A033
VOL01872;A053
VOL01893;A102
VOL01898;A113
VOL01903;A120
VOL01916;A090
VOL01917;A120
VOL01921;A076
VOL01922;A091
VOL01927;A123
VOL01930;A085
VOL01935;A003
VOL01939;A070
VOL01963;A010
VOL01967;A018
VOL01968;A040
VOL01969;A097
VOL01970;A085
VOL01977;A099
VOL01990;A107
VOL01991;A039
VOL01994;A146
VOL02002;A124
VOL02034;A104
VOL02036;A077
VOL02046;A026
VOL02063;A112
VOL02067;A107
VOL02073;A079
VOL02075;A125
VOL02076;A126
VOL02080;A111
VOL02094;A039
VOL02096;A110
VOL02099;A039
VOL02120;A001
VOL02127;A075
VOL02145;A122
VOL02146;A116
VOL02147;A092
VOL02148;A131
VOL02159;A039
VOL02160;A040
VOL02164;A031
VOL02167;A115
VOL02169;A039
VOL02170;A019
VOL02174;A149
VOL02179;A032
VOL02206;A048
VOL02216;A036
VOL02219;A127
VOL02222;A047
VOL02228;A096
VOL02231;A027
VOL02232;A124
VOL02238;A130
VOL02240;A136
VOL02258;A107
VOL02260;A147
VOL02265;A068
VOL02268;A059
VOL02269;A149
VOL02278;A116
VOL02279;A062
VOL02283;A013
VOL02288;A107
VOL02289;A005
VOL02297;A142
VOL02310;A085
VOL02317;A044
VOL02336;A062
VOL02343;A032
VOL02346;A120
VOL02355;A046
VOL02372;A008
VOL02373;A088
VOL02377;A132
VOL02383;A018
VOL02390;A095
VOL02394;A116
VOL02407;A035
VOL02409;A134
VOL02410;A144
VOL02413;A122
VOL02416;A142
VOL02425;A076
VOL02427;A028
VOL02429;A077
VOL02430;A036
VOL02439;A094
VOL02443;A077
VOL02446;A007
VOL02455;A030
VOL02458;A086
VOL02462;A148
VOL02464;A150
VOL02466;A060
VOL02469;A080
VOL02470;A141
VOL02471;A139
VOL02483;A108
VOL02490;A025
VOL02492;A028
VOL02493;A123
VOL02501;A041
VOL02502;A144
VOL02510;A005
VOL02516;A062
VOL02517;A105
VOL02518;A002
VOL02526;A016
VOL02531;A136
VOL02532;A075
VOL02536;A106
VOL02538;A074
VOL02541;A032
VOL02542;A108
VOL02544;A128
VOL02546;A030
VOL02547;A104
VOL02555;A064
VOL02561;A019
VOL02564;A056
VOL02571;A004
VOL02575;A053
VOL02580;A095
VOL02585;A071
VOL02586;A114
VOL02588;A038
VOL02590;A100
VOL02592;A049
VOL02604;A016
VOL02609;A053
VOL02612;A074
VOL02618;A004
VOL02636;A035
VOL02639;A125
VOL02641;A057
VOL02642;A142
VOL02645;A029
VOL02649;A066
VOL02653;A080
VOL02657;A146
VOL02672;A084
VOL02674;A108
VOL02679;A050
VOL02684;A065
VOL02687;A103
VOL02692;A098
VOL02694;A051
VOL02695;A063
VOL02697;A012
VOL02705;A059
VOL02708;A005
VOL02712;A036
VOL02720;A019
VOL02721;A027
VOL02728;A095
VOL02729;A025
VOL02730;A010
VOL02732;A003
VOL02733;A105
VOL00719;A065
VOL00729;A021
VOL00732;A023
VOL00737;A068
VOL00739;A116
VOL00747;A140
VOL00751;A011
VOL00753;A105
VOL00755;A119
VOL00766;A036
VOL00777;A056
VOL00780;A101
VOL00783;A070
VOL00784;A087
VOL00809;A061
VOL00816;A079
VOL00819;A080
VOL00824;A073
VOL00827;A033
VOL00828;A095
VOL00829;A145
VOL00832;A005
VOL00841;A122
VOL00843;A143
VOL00846;A085
VOL00856;A121
VOL00858;A081
VOL00859;A131
VOL00864;A021
VOL00867;A119
VOL00870;A116
VOL00873;A071
VOL00876;A016
VOL00877;A122
VOL00882;A092
VOL00883;A124
VOL00893;A031
VOL00895;A016
VOL00912;A021
VOL00915;A038
VOL00921;A081
VOL00924;A117
VOL00925;A071
VOL01276;A076
VOL01282;A065
VOL01283;A116
VOL01294;A078
VOL01301;A082
VOL01303;A008
VOL01307;A138
VOL01331;A080
VOL01332;A142
VOL01333;A116
VOL01334;A056
VOL01342;A018
VOL01343;A129
VOL01350;A013
VOL01355;A126
VOL01356;A045
VOL01357;A116
VOL01363;A110
VOL01369;A125
VOL01379;A088
VOL01383;A114
VOL01387;A036
VOL01398;A140
VOL01399;A028
VOL01409;A023
VOL01421;A147
VOL01424;A115
VOL01425;A140
VOL01426;A096
VOL01434;A030
VOL01438;A052
VOL01439;A038
VOL01446;A131
VOL01457;A063
VOL01459;A055
VOL01475;A018
VOL01479;A145
VOL01481;A064
VOL01487;A016
VOL01491;A102
VOL01497;A058
VOL01504;A134
VOL01512;A144
VOL01514;A038
VOL01519;A072
VOL01523;A138
VOL01525;A079
VOL01528;A125
VOL01533;A121
VOL01534;A087
VOL01541;A065
VOL01542;A069
VOL01549;A062
VOL01560;A109
VOL01565;A093
VOL01570;A119
VOL01584;A124
VOL01586;A146
VOL01589;A088
VOL01594;A032
VOL01600;A049
VOL01602;A127
VOL01612;A014
VOL01626;A011
VOL01629;A028
VOL01630;A141
VOL01635;A109
VOL01636;A053
VOL01639;A016
VOL01640;A003
VOL01646;A062
VOL01647;A060
VOL01654;A039
VOL01674;A057
VOL01676;A118
VOL01681;A028
VOL01683;A062
VOL01688;A115
VOL01689;A055
VOL01691;A026
VOL01709;A128
VOL01710;A130
VOL01715;A037
VOL01717;A097
VOL01719;A104
VOL00933;A032
VOL00934;A014
VOL00940;A081
VOL00943;A007
VOL00944;A112
VOL00945;A083
VOL00950;A073
VOL00952;A145
VOL00958;A128
VOL00961;A036
VOL00962;A039
VOL00973;A088
VOL00975;A127
VOL00979;A135
VOL00981;A102
VOL00993;A143
VOL00994;A007
VOL00997;A123
VOL01004;A129
VOL01006;A083
VOL01008;A102
VOL01010;A131
VOL01011;A075
VOL01013;A007
VOL01019;A010
VOL01021;A059
VOL01023;A126
VOL01027;A149
VOL01040;A131
VOL01041;A100
VOL01052;A116
VOL01054;A115
VOL01062;A028
VOL01072;A059
VOL01073;A146
VOL01074;A065
VOL01076;A131
VOL01077;A007
VOL01087;A118
VOL01095;A020
VOL01096;A028
VOL01098;A008
VOL01112;A049
VOL01119;A077
VOL01120;A009
VOL01121;A031
VOL01123;A037
VOL01128;A008
VOL01136;A149
VOL01139;A070
VOL01142;A123
VOL01145;A056
VOL01155;A045
VOL01156;A004
VOL01157;A148
VOL01159;A017
VOL01170;A001
VOL01180;A023
VOL01181;A095
VOL01194;A045
VOL01200;A075
VOL01201;A038
VOL01202;A127
VOL01211;A092
VOL01229;A029
VOL01233;A134
VOL01235;A148
VOL01236;A002
VOL01240;A059
VOL01248;A134
VOL01260;A130
VOL01264;A019
VOL01267;A104
VOL01272;A049
VOL01274;A005
VOL00002;A083
VOL00005;A149
VOL00007;A025
VOL00010;A138
VOL00014;A090
VOL00016;A058
VOL00018;A069
VOL00020;A014
VOL00026;A044
VOL00028;A144
VOL00031;A015
VOL00032;A089
VOL00039;A146
VOL00040;A065
VOL00041;A008
VOL00055;A105
VOL00060;A014
VOL00063;A019
VOL00066;A106
VOL00068;A050
VOL00070;A046
VOL00081;A105
VOL00082;A098
VOL00085;A088
VOL00088;A080
VOL00095;A048
VOL00097;A103
VOL00102;A087
VOL00103;A116
VOL00107;A006
VOL00111;A096
VOL00117;A002
VOL00118;A084
VOL00121;A008
VOL00125;A018
VOL00137;A046
VOL00139;A046
VOL00152;A133
VOL00153;A043
VOL00163;A030
VOL00167;A064
VOL00174;A011
VOL00176;A016
VOL00183;A145
VOL00184;A148
VOL00186;A134
VOL00192;A035
VOL00193;A115
VOL00202;A007
VOL00207;A124
VOL00210;A128
VOL00214;A011
VOL00226;A078
VOL00238;A012
VOL00240;A026
VOL00241;A118
VOL00244;A082
VOL00246;A053
VOL00262;A096
VOL00263;A103
VOL00265;A040
VOL00266;A037
VOL00270;A147
VOL00271;A080
VOL00275;A003
VOL00296;A138
VOL00297;A084
VOL00303;A074
VOL00321;A029
VOL00328;A062
VOL00338;A082
VOL00341;A004
VOL00342;A040
VOL00343;A088
VOL00346;A090
VOL00348;A052
VOL00349;A015
VOL00354;A130
VOL00355;A017
VOL00360;A113
VOL00369;A037
VOL00375;A105
VOL00376;A133
VOL00390;A015
VOL00393;A031
VOL00403;A073
VOL00407;A126
VOL00410;A117
VOL00413;A117
VOL00422;A042
VOL00445;A094
VOL00457;A094
VOL00462;A079
VOL00467;A028
VOL00477;A041
VOL00480;A111
VOL00487;A045
VOL00491;A103
VOL00492;A148
VOL00499;A034
VOL00510;A085
VOL00518;A017
VOL00523;A122
VOL00524;A087
VOL00532;A042
VOL00540;A121
VOL00546;A025
VOL00547;A011
VOL00548;A035
VOL00550;A122
VOL00554;A006
VOL00559;A047
VOL00567;A095
VOL00579;A091
VOL00584;A094
VOL00587;A132
VOL00590;A007
VOL00592;A082
VOL00597;A068
VOL00600;A087
VOL00605;A086
VOL00606;A142
VOL00607;A009
VOL00611;A005
VOL00612;A078
VOL00620;A097
VOL00624;A109
VOL00633;A073
VOL00635;A022
VOL00640;A030
VOL00645;A020
VOL00646;A046
VOL00648;A017
VOL00654;A003
VOL00657;A019
VOL00660;A118
VOL00663;A032
VOL00671;A001
VOL00673;A060
VOL00678;A083
VOL00679;A136
VOL00684;A048
VOL00691;A002
VOL00696;A037
VOL02748;A071
VOL02753;A056
VOL02755;A085
VOL02758;A129
VOL02762;A072
VOL02782;A054
VOL02783;A051
VOL02784;A034
VOL02792;A031
VOL02809;A028
VOL02813;A019
VOL02816;A028
VOL02817;A112
VOL02819;A043
VOL02825;A085
VOL02831;A115
VOL02832;A109
VOL02834;A114
VOL02841;A104
VOL02843;A097
VOL02856;A102
VOL02857;A149
VOL02862;A138
VOL02866;A013
VOL02870;A062
VOL02875;A135
VOL02881;A141
VOL02884;A012
VOL02887;A053
VOL02896;A140
VOL02900;A043
VOL02909;A022
VOL02919;A138
VOL02920;A096
VOL02923;A039
VOL02930;A075
VOL02949;A098
VOL02951;A011
VOL02957;A013
VOL02959;A067
VOL02962;A089
VOL02965;A093
VOL02968;A136
VOL02973;A032
VOL02975;A106
VOL02978;A131
VOL02979;A059
VOL02983;A094
VOL02989;A142
VOL02994;A054
VOL02997;A143
VOL01729;A098
VOL01730;A121
VOL01733;A063
VOL01734;A017
VOL01743;A126
VOL01746;A109
VOL01754;A067
VOL01757;A044
VOL01761;A136
VOL01767;A059
VOL01775;A135
VOL01783;A048
VOL01787;A043
VOL01791;A024
VOL01809;A032
VOL01811;A142
VOL01812;A095
VOL01824;A129
VOL01841;A045
VOL01857;A104
VOL01860;A134
VOL01865;A135
VOL01870;A033
VOL01872;A053
VOL01893;A102
VOL01898;A113
VOL01903;A120
VOL01916;A090
VOL01917;A120
VOL01921;A076
VOL01922;A091
VOL01927;A123
VOL01930;A085
VOL01935;A003
VOL01939;A070
VOL01963;A010
VOL01967;A018
VOL01968;A040
VOL01969;A097
VOL01970;A085
VOL01977;A099
VOL01990;A107
VOL01991;A039
VOL01994;A146
VOL02002;A124
VOL02034;A104
VOL02036;A077
VOL02046;A026
VOL02063;A112
VOL02067;A107
VOL02073;A079
VOL02075;A125
VOL02076;A126
VOL02080;A111
VOL02094;A039
VOL02096;A110
VOL02099;A039
VOL02120;A001
VOL02127;A075
VOL02145;A122
VOL02146;A116
VOL02147;A092
VOL02148;A131
VOL02159;A039
VOL02160;A040
VOL02164;A031
VOL02167;A115
VOL02169;A039
VOL02170;A019
VOL02174;A149
VOL02179;A032
VOL02206;A048
VOL02216;A036
VOL02219;A127
VOL02222;A047
VOL02228;A096
VOL02231;A027
VOL02232;A124
VOL02238;A130
VOL02240;A136
VOL02258;A107
VOL02260;A147
VOL02265;A068
VOL02268;A059
VOL02269;A149
VOL02278;A116
VOL02279;A062
VOL02283;A013
VOL02288;A107
VOL02289;A005
VOL02297;A142
VOL02310;A085
VOL02317;A044
VOL02336;A062
VOL02343;A032
VOL02346;A120
VOL02355;A046
VOL02372;A008
VOL02373;A088
VOL02377;A132
VOL02383;A018
VOL02390;A095
VOL02394;A116
VOL02407;A035
VOL02409;A134
VOL02410;A144
VOL02413;A122
VOL02416;A142
VOL02425;A076
VOL02427;A028
VOL02429;A077
VOL02430;A036
VOL02439;A094
VOL02443;A077
VOL02446;A007
VOL02455;A030
VOL02458;A086
VOL02462;A148
VOL02464;A150
VOL02466;A060
VOL02469;A080
VOL02470;A141
VOL02471;A139
VOL02483;A108
VOL02490;A025
VOL02492;A028
VOL02493;A123
VOL02501;A041
VOL02502;A144
VOL02510;A005
VOL02516;A062
VOL02517;A105
VOL02518;A002
VOL02526;A016
VOL02531;A136
VOL02532;A075
VOL02536;A106
VOL02538;A074
VOL02541;A032
VOL02542;A108
VOL02544;A128
VOL02546;A030
VOL02547;A104
VOL02555;A064
VOL02561;A019
VOL02564;A056
VOL02571;A004
VOL02575;A053
VOL02580;A095
VOL02585;A071
VOL02586;A114
VOL02588;A038
VOL02590;A100
VOL02592;A049
VOL02604;A016
VOL02609;A053
VOL02612;A074
VOL02618;A004
VOL02636;A035
VOL02639;A125
VOL02641;A057
VOL02642;A142
VOL02645;A029
VOL02649;A066
VOL02653;A080
VOL02657;A146
VOL02672;A084
VOL02674;A108
VOL02679;A050
VOL02684;A065
VOL02687;A103
VOL02692;A098
VOL02694;A051
VOL02695;A063
VOL02697;A012
VOL02705;A059
VOL02708;A005
VOL02712;A036
VOL02720;A019
VOL02721;A027
VOL02728;A095
VOL02729;A025
VOL02730;A010
VOL02732;A003
VOL02733;A105
VOL00719;A065
VOL00729;A021
VOL00732;A023
VOL00737;A068
VOL00739;A116
VOL00747;A140
VOL00751;A011
VOL00753;A105
VOL00755;A119
VOL00766;A036
VOL00777;A056
VOL00780;A101
VOL00783;A070
VOL00784;A087
VOL00809;A061
VOL00816;A079
VOL00819;A080
VOL00824;A073
VOL00827;A033
VOL00828;A095
VOL00829;A145
VOL00832;A005
VOL00841;A122
VOL00843;A143
VOL00846;A085
VOL00856;A121
VOL00858;A081
VOL00859;A131
VOL00864;A021
VOL00867;A119
VOL00870;A116
VOL00873;A071
VOL00876;A016
VOL00877;A122
VOL00882;A092
VOL00883;A124
VOL00893;A031
VOL00895;A016
VOL00912;A021
VOL00915;A038
VOL00921;A081
VOL00924;A117
VOL00925;A071
VOL01276;A076
VOL01282;A065
VOL01283;A116
VOL01294;A078
VOL01301;A082
VOL01303;A008
VOL01307;A138
VOL01331;A080
VOL01332;A142
VOL01333;A116
VOL01334;A056
VOL01342;A018
VOL01343;A129
VOL01350;A013
VOL01355;A126
VOL01356;A045
VOL01357;A116
VOL01363;A110
VOL01369;A125
VOL01379;A088
VOL01383;A114
VOL01387;A036
VOL01398;A140
VOL01399;A028
VOL01409;A023
VOL01421;A147
VOL01424;A115
VOL01425;A140
VOL01426;A096
VOL01434;A030
VOL01438;A052
VOL01439;A038
VOL01446;A131
VOL01457;A063
VOL01459;A055
VOL01475;A018
VOL01479;A145
VOL01481;A064
VOL01487;A016
VOL01491;A102
VOL01497;A058
VOL01504;A134
VOL01512;A144
VOL01514;A038
VOL01519;A072
VOL01523;A138
VOL01525;A079
VOL01528;A125
VOL01533;A121
VOL01534;A087
VOL01541;A065
VOL01542;A069
VOL01549;A062
VOL01560;A109
VOL01565;A093
VOL01570;A119
VOL01584;A124
VOL01586;A146
VOL01589;A088
VOL01594;A032
VOL01600;A049
VOL01602;A127
VOL01612;A014
VOL01626;A011
VOL01629;A028
VOL01630;A141
VOL01635;A109
VOL01636;A053
VOL01639;A016
VOL01640;A003
VOL01646;A062
VOL01647;A060
VOL01654;A039
VOL01674;A057
VOL01676;A118
VOL01681;A028
VOL01683;A062
VOL01688;A115
VOL01689;A055
VOL01691;A026
VOL01709;A128
VOL01710;A130
VOL01715;A037
VOL01717;A097
VOL01719;A104
VOL00933;A032
VOL00934;A014
VOL00940;A081
VOL00943;A007
VOL00944;A112
VOL00945;A083
VOL00950;A073
VOL00952;A145
VOL00958;A128
VOL00961;A036
VOL00962;A039
VOL00973;A088
VOL00975;A127
VOL00979;A135
VOL00981;A102
VOL00993;A143
VOL00994;A007
VOL00997;A123
VOL01004;A129
VOL01006;A083
VOL01008;A102
VOL01010;A131
VOL01011;A075
VOL01013;A007
VOL01019;A010
VOL01021;A059
VOL01023;A126
VOL01027;A149
VOL01040;A131
VOL01041;A100
VOL01052;A116
VOL01054;A115
VOL01062;A028
VOL01072;A059
VOL01073;A146
VOL01074;A065
VOL01076;A131
VOL01077;A007
VOL01087;A118
VOL01095;A020
VOL01096;A028
VOL01098;A008
VOL01112;A049
VOL01119;A077
VOL01120;A009
VOL01121;A031
VOL01123;A037
VOL01128;A008
VOL01136;A149
VOL01139;A070
VOL01142;A123
VOL01145;A056
VOL01155;A045
VOL01156;A004
VOL01157;A148
VOL01159;A017
VOL01170;A001
VOL01180;A023
VOL01181;A095
VOL01194;A045
VOL01200;A075
VOL01201;A038
VOL01202;A127
VOL01211;A092
VOL01229;A029
VOL01233;A134
VOL01235;A148
VOL01236;A002
VOL01240;A059
VOL01248;A134
VOL01260;A130
VOL01264;A019
VOL01267;A104
VOL01272;A049
VOL01274;A005
VOL00002;A083
VOL00005;A149
VOL00007;A025
VOL00010;A138
VOL00014;A090
VOL00016;A058
VOL00018;A069
VOL00020;A014
VOL00026;A044
VOL00028;A144
VOL00031;A015
VOL00032;A089
VOL00039;A146
VOL00040;A065
VOL00041;A008
VOL00055;A105
VOL00060;A014
VOL00063;A019
VOL00066;A106
VOL00068;A050
VOL00070;A046
VOL00081;A105
VOL00082;A098
VOL00085;A088
VOL00088;A080
VOL00095;A048
VOL00097;A103
VOL00102;A087
VOL00103;A116
VOL00107;A006
VOL00111;A096
VOL00117;A002
VOL00118;A084
VOL00121;A008
VOL00125;A018
VOL00137;A046
VOL00139;A046
VOL00152;A133
VOL00153;A043
VOL00163;A030
VOL00167;A064
VOL00174;A011
VOL00176;A016
VOL00183;A145
VOL00184;A148
VOL00186;A134
VOL00192;A035
VOL00193;A115
VOL00202;A007
VOL00207;A124
VOL00210;A128
VOL00214;A011
VOL00226;A078
VOL00238;A012
VOL00240;A026
VOL00241;A118
VOL00244;A082
VOL00246;A053
VOL00262;A096
VOL00263;A103
VOL00265;A040
VOL00266;A037
VOL00270;A147
VOL00271;A080
VOL00275;A003
VOL00296;A138
VOL00297;A084
VOL00303;A074
VOL00321;A029
VOL00328;A062
VOL00338;A082
VOL00341;A004
VOL00342;A040
VOL00343;A088
VOL00346;A090
VOL00348;A052
VOL00349;A015
VOL00354;A130
VOL00355;A017
VOL00360;A113
VOL00369;A037
VOL00375;A105
VOL00376;A133
VOL00390;A015
VOL00393;A031
VOL00403;A073
VOL00407;A126
VOL00410;A117
VOL00413;A117
VOL00422;A042
VOL00445;A094
VOL00457;A094
VOL00462;A079
VOL00467;A028
VOL00477;A041
VOL00480;A111
VOL00487;A045
VOL00491;A103
VOL00492;A148
VOL00499;A034
VOL00510;A085
VOL00518;A017
VOL00523;A122
VOL00524;A087
VOL00532;A042
VOL00540;A121
VOL00546;A025
VOL00547;A011
VOL00548;A035
VOL00550;A122
VOL00554;A006
VOL00559;A047
VOL00567;A095
VOL00579;A091
VOL00584;A094
VOL00587;A132
VOL00590;A007
VOL00592;A082
VOL00597;A068
VOL00600;A087
VOL00605;A086
VOL00606;A142
VOL00607;A009
VOL00611;A005
VOL00612;A078
VOL00620;A097
VOL00624;A109
VOL00633;A073
VOL00635;A022
VOL00640;A030
VOL00645;A020
VOL00646;A046
VOL00648;A017
VOL00654;A003
VOL00657;A019
VOL00660;A118
VOL00663;A032
VOL00671;A001
VOL00673;A060
VOL00678;A083
VOL00679;A136
VOL00684;A048
VOL00691;A002
VOL00696;A037
VOL02748;A071
VOL02753;A056
VOL02755;A085
VOL02758;A129
VOL02762;A072
VOL02782;A054
VOL02783;A051
VOL02784;A034
VOL02792;A031
VOL02809;A028
VOL02813;A019
VOL02816;A028
VOL02817;A112
VOL02819;A043
VOL02825;A085
VOL02831;A115
VOL02832;A109
VOL02834;A114
VOL02841;A104
VOL02843;A097
VOL02856;A102
VOL02857;A149
VOL02862;A138
VOL02866;A013
VOL02870;A062
VOL02875;A135
VOL02881;A141
VOL02884;A012
VOL02887;A053
VOL02896;A140
VOL02900;A043
VOL02909;A022
VOL02919;A138
VOL02920;A096
VOL02923;A039
VOL02930;A075
VOL02949;A098
VOL02951;A011
VOL02957;A013
VOL02959;A067
VOL02962;A089
VOL02965;A093
VOL02968;A136
VOL02973;A032
VOL02975;A106
VOL02978;A131
VOL02979;A059
VOL02983;A094
VOL02989;A142
VOL02994;A054
VOL02997;A143
VOL01729;A098
VOL01730;A121
VOL01733;A063
VOL01734;A017
VOL01743;A126
VOL01746;A109
VOL01754;A067
VOL01757;A044
VOL01761;A136
VOL01767;A059
VOL01775;A135
VOL01783;A048
VOL01787;A043
VOL01791;A024
VOL01809;A032
VOL01811;A142
VOL01812;A095
VOL01824;A129
VOL01841;A045
VOL01857;A104
VOL01860;A134
VOL01865;A135
VOL01870;A033
VOL01872;A053
VOL01893;A102
VOL01898;A113
VOL01903;A120
VOL01916;A090
VOL01917;A120
VOL01921;A076
VOL01922;A091
VOL01927;A123
VOL01930;A085
VOL01935;A003
VOL01939;A070
VOL01963;A010
VOL01967;A018
VOL01968;A040
VOL01969;A097
VOL01970;A085
VOL01977;A099
VOL01990;A107
VOL01991;A039
VOL01994;A146
VOL02002;A124
VOL02034;A104
VOL02036;A077
VOL02046;A026
VOL02063;A112
VOL02067;A107
VOL02073;A079
VOL02075;A125
VOL02076;A126
VOL02080;A111
VOL02094;A039
VOL02096;A110
VOL02099;A039
VOL02120;A001
VOL02127;A075
VOL02145;A122
VOL02146;A116
VOL02147;A092
VOL02148;A131
VOL02159;A039
VOL02160;A040
VOL02164;A031
VOL02167;A115
VOL02169;A039
VOL02170;A019
VOL02174;A149
VOL02179;A032
VOL02206;A048
VOL02216;A036
VOL02219;A127
VOL02222;A047
VOL02228;A096
VOL02231;A027
VOL02232;A124
VOL02238;A130
VOL02240;A136
VOL02258;A107
VOL02260;A147
VOL02265;A068
VOL02268;A059
VOL02269;A149
VOL02278;A116
VOL02279;A062
VOL02283;A013
VOL02288;A107
VOL02289;A005
VOL02297;A142
VOL02310;A085
VOL02317;A044
VOL02336;A062
VOL02343;A032
VOL02346;A120
VOL02355;A046
VOL02372;A008
VOL02373;A088
VOL02377;A132
VOL02383;A018
VOL02390;A095
VOL02394;A116
VOL02407;A035
VOL02409;A134
VOL02410;A144
VOL02413;A122
VOL02416;A142
VOL02425;A076
VOL02427;A028
VOL02429;A077
VOL02430;A036
VOL02439;A094
VOL02443;A077
VOL02446;A007
VOL02455;A030
VOL02458;A086
VOL02462;A148
VOL02464;A150
VOL02466;A060
VOL02469;A080
VOL02470;A141
VOL02471;A139
VOL02483;A108
VOL02490;A025
VOL02492;A028
VOL02493;A123
VOL02501;A041
VOL02502;A144
VOL02510;A005
VOL02516;A062
VOL02517;A105
VOL02518;A002
VOL02526;A016
VOL02531;A136
VOL02532;A075
VOL02536;A106
VOL02538;A074
VOL02541;A032
VOL02542;A108
VOL02544;A128
VOL02546;A030
VOL02547;A104
VOL02555;A064
VOL02561;A019
VOL02564;A056
VOL02571;A004
VOL02575;A053
VOL02580;A095
VOL02585;A071
VOL02586;A114
VOL02588;A038
VOL02590;A100
VOL02592;A049
VOL02604;A016
VOL02609;A053
VOL02612;A074
VOL02618;A004
VOL02636;A035
VOL02639;A125
VOL02641;A057
VOL02642;A142
VOL02645;A029
VOL02649;A066
VOL02653;A080
VOL02657;A146
VOL02672;A084
VOL02674;A108
VOL02679;A050
VOL02684;A065
VOL02687;A103
VOL02692;A098
VOL02694;A051
VOL02695;A063
VOL02697;A012
VOL02705;A059
VOL02708;A005
VOL02712;A036
VOL02720;A019
VOL02721;A027
VOL02728;A095
VOL02729;A025
VOL02730;A010
VOL02732;A003
VOL02733;A105
VOL00719;A065
VOL00729;A021
VOL00732;A023
VOL00737;A068
VOL00739;A116
VOL00747;A140
VOL00751;A011
VOL00753;A105
VOL00755;A119
VOL00766;A036
VOL00777;A056
VOL00780;A101
VOL00783;A070
VOL00784;A087
VOL00809;A061
VOL00816;A079
VOL00819;A080
VOL00824;A073
VOL00827;A033
VOL00828;A095
VOL00829;A145
VOL00832;A005
VOL00841;A122
VOL00843;A143
VOL00846;A085
VOL00856;A121
VOL00858;A081
VOL00859;A131
VOL00864;A021
VOL00867;A119
VOL00870;A116
VOL00873;A071
VOL00876;A016
VOL00877;A122
VOL00882;A092
VOL00883;A124
VOL00893;A031
VOL00895;A016
VOL00912;A021
VOL00915;A038
VOL00921;A081
VOL00924;A117
VOL00925;A071
VOL01276;A076
VOL01282;A065
VOL01283;A116
VOL01294;A078
VOL01301;A082
VOL01303;A008
VOL01307;A138
VOL01331;A080
VOL01332;A142
VOL01333;A116
VOL01334;A056
VOL01342;A018
VOL01343;A129
VOL01350;A013
VOL01355;A126
VOL01356;A045
VOL01357;A116
VOL01363;A110
VOL01369;A125
VOL01379;A088
VOL01383;A114
VOL01387;A036
VOL01398;A140
VOL01399;A028
VOL01409;A023
VOL01421;A147
VOL01424;A115
VOL01425;A140
VOL01426;A096
VOL01434;A030
VOL01438;A052
VOL01439;A038
VOL01446;A131
VOL01457;A063
VOL01459;A055
VOL01475;A018
VOL01479;A145
VOL01481;A064
VOL01487;A016
VOL01491;A102
VOL01497;A058
VOL01504;A134
VOL01512;A144
VOL01514;A038
VOL01519;A072
VOL01523;A138
VOL01525;A079
VOL01528;A125
VOL01533;A121
VOL01534;A087
VOL01541;A065
VOL01542;A069
VOL01549;A062
VOL01560;A109
VOL01565;A093
VOL01570;A119
VOL01584;A124
VOL01586;A146
VOL01589;A088
VOL01594;A032
VOL01600;A049
VOL01602;A127
VOL01612;A014
VOL01626;A011
VOL01629;A028
VOL01630;A141
VOL01635;A109
VOL01636;A053
VOL01639;A016
VOL01640;A003
VOL01646;A062
VOL01647;A060
VOL01654;A039
VOL01674;A057
VOL01676;A118
VOL01681;A028
VOL01683;A062
VOL01688;A115
VOL01689;A055
VOL01691;A026
VOL01709;A128
VOL01710;A130
VOL01715;A037
VOL01717;A097
VOL01719;A104
VOL00933;A032
VOL00934;A014
VOL00940;A081
VOL00943;A007
VOL00944;A112
VOL00945;A083
VOL00950;A073
VOL00952;A145
VOL00958;A128
VOL00961;A036
VOL00962;A039
VOL00973;A088
VOL00975;A127
VOL00979;A135
VOL00981;A102
VOL00993;A143
VOL00994;A007
VOL00997;A123
VOL01004;A129
VOL01006;A083
VOL01008;A102
VOL01010;A131
VOL01011;A075
VOL01013;A007
VOL01019;A010
VOL01021;A059
VOL01023;A126
VOL01027;A149
VOL01040;A131
VOL01041;A100
VOL01052;A116
VOL01054;A115
VOL01062;A028
VOL01072;A059
VOL01073;A146
VOL01074;A065
VOL01076;A131
VOL01077;A007
VOL01087;A118
VOL01095;A020
VOL01096;A028
VOL01098;A008
VOL01112;A049
VOL01119;A077
VOL01120;A009
VOL01121;A031
VOL01123;A037
VOL01128;A008
VOL01136;A149
VOL01139;A070
VOL01142;A123
VOL01145;A056
VOL01155;A045
VOL01156;A004
VOL01157;A148
VOL01159;A017
VOL01170;A001
VOL01180;A023
VOL01181;A095
VOL01194;A045
VOL01200;A075
VOL01201;A038
VOL01202;A127
VOL01211;A092
VOL01229;A029
VOL01233;A134
VOL01235;A148
VOL01236;A002
VOL01240;A059
VOL01248;A134
VOL01260;A130
VOL01264;A019
VOL01267;A104
VOL01272;A049
VOL01274;A005
VOL00002;A083
VOL00005;A149
VOL00007;A025
VOL00010;A138
VOL00014;A090
VOL00016;A058
VOL00018;A069
VOL00020;A014
VOL00026;A044
VOL00028;A144
VOL00031;A015
VOL00032;A089
VOL00039;A146
VOL00040;A065
VOL00041;A008
VOL00055;A105
VOL00060;A014
VOL00063;A019
VOL00066;A106
VOL00068;A050
VOL00070;A046
VOL00081;A105
VOL00082;A098
VOL00085;A088
VOL00088;A080
VOL00095;A048
VOL00097;A103
VOL00102;A087
VOL00103;A116
VOL00107;A006
VOL00111;A096
VOL00117;A002
VOL00118;A084
VOL00121;A008
VOL00125;A018
VOL00137;A046
VOL00139;A046
VOL00152;A133
VOL00153;A043
VOL00163;A030
VOL00167;A064
VOL00174;A011
VOL00176;A016
VOL00183;A145
VOL00184;A148
VOL00186;A134
VOL00192;A035
VOL00193;A115
VOL00202;A007
VOL00207;A124
VOL00210;A128
VOL00214;A011
VOL00226;A078
VOL00238;A012
VOL00240;A026
VOL00241;A118
VOL00244;A082
VOL00246;A053
VOL00262;A096
VOL00263;A103
VOL00265;A040
VOL00266;A037
VOL00270;A147
VOL00271;A080
VOL00275;A003
VOL00296;A138
VOL00297;A084
VOL00303;A074
VOL00321;A029
VOL00328;A062
VOL00338;A082
VOL00341;A004
VOL00342;A040
VOL00343;A088
VOL00346;A090
VOL00348;A052
VOL00349;A015
VOL00354;A130
VOL00355;A017
VOL00360;A113
VOL00369;A037
VOL00375;A105
VOL00376;A133
VOL00390;A015
VOL00393;A031
VOL00403;A073
VOL00407;A126
VOL00410;A117
VOL00413;A117
VOL00422;A042
VOL00445;A094
VOL00457;A094
VOL00462;A079
VOL00467;A028
VOL00477;A041
VOL00480;A111
VOL00487;A045
VOL00491;A103
VOL00492;A148
VOL00499;A034
VOL00510;A085
VOL00518;A017
VOL00523;A122
VOL00524;A087
VOL00532;A042
VOL00540;A121
VOL00546;A025
VOL00547;A011
VOL00548;A035
VOL00550;A122
VOL00554;A006
VOL00559;A047
VOL00567;A095
VOL00579;A091
VOL00584;A094
VOL00587;A132
VOL00590;A007
VOL00592;A082
VOL00597;A068
VOL00600;A087
VOL00605;A086
VOL00606;A142
VOL00607;A009
VOL00611;A005
VOL00612;A078
VOL00620;A097
VOL00624;A109
VOL00633;A073
VOL00635;A022
VOL00640;A030
VOL00645;A020
VOL00646;A046
VOL00648;A017
VOL00654;A003
VOL00657;A019
VOL00660;A118
VOL00663;A032
VOL00671;A001
VOL00673;A060
VOL00678;A083
VOL00679;A136
VOL00684;A048
VOL00691;A002
VOL00696;A037
VOL00457;A094
VOL00462;A079
VOL00467;A028
VOL00477;A041
VOL00480;A111
VOL00487;A045
VOL00491;A103
VOL00492;A148
VOL00499;A034
VOL00510;A085
VOL00518;A017
VOL00523;A122
VOL00524;A087
VOL00532;A042
VOL00540;A121
VOL00546;A025
VOL00547;A011
VOL00548;A035
VOL00550;A122
VOL00554;A006
VOL00559;A047
VOL00567;A095
VOL01260;A130
VOL01264;A019
VOL01267;A104
VOL01272;A049
VOL01274;A005
VOL01276;A076
VOL01282;A065
VOL01283;A116
VOL01294;A078
VOL01301;A082
VOL01303;A008
VOL01307;A138
VOL01331;A080
VOL01332;A142
VOL01333;A116
VOL01334;A056
VOL01342;A018
VOL01343;A129
VOL01350;A013
VOL01355;A126
VOL01356;A045
VOL01357;A116
VOL01363;A110
VOL01369;A125
VOL01379;A088
VOL01383;A114
VOL01387;A036
VOL01398;A140
VOL01399;A028
VOL01409;A023
VOL01421;A147
VOL01424;A115
VOL01425;A140
VOL01426;A096
VOL01434;A030
VOL01438;A052
VOL01439;A038
VOL01446;A131
VOL01457;A063
VOL01459;A055
VOL01475;A018
VOL01479;A145
VOL01481;A064
VOL01487;A016
VOL01491;A102
VOL00579;A091
VOL00584;A094
VOL00587;A132
VOL00590;A007
VOL00592;A082
VOL00597;A068
VOL00600;A087
VOL00605;A086
VOL00606;A142
VOL00607;A009
VOL00611;A005
VOL00612;A078
VOL00620;A097
VOL00624;A109
VOL00633;A073
VOL00635;A022
VOL00640;A030
VOL00645;A020
VOL00646;A046
VOL00648;A017
VOL00654;A003
VOL00657;A019
VOL00660;A118
VOL00663;A032
VOL00671;A001
VOL00673;A060
VOL00678;A083
VOL00679;A136
VOL00684;A048
VOL00691;A002
VOL00696;A037
VOL00719;A065
VOL00729;A021
VOL00732;A023
VOL00737;A068
VOL00739;A116
VOL00747;A140
VOL00751;A011
VOL00753;A105
VOL00755;A119
VOL00766;A036
VOL00777;A056
VOL00780;A101
VOL00783;A070
VOL00784;A087
VOL00809;A061
VOL00816;A079
VOL00819;A080
VOL00824;A073
VOL00827;A033
VOL00828;A095
VOL00829;A145
VOL00832;A005
VOL00841;A122
VOL00843;A143
VOL00846;A085
VOL00856;A121
VOL00858;A081
VOL00859;A131
VOL00864;A021
VOL00867;A119
VOL00870;A116
VOL00873;A071
VOL00876;A016
VOL00877;A122
VOL00882;A092
VOL00883;A124
VOL00893;A031
VOL00895;A016
VOL00912;A021
VOL00915;A038
VOL00921;A081
VOL00924;A117
VOL00925;A071
VOL00933;A032
VOL00934;A014
VOL00940;A081
VOL00943;A007
VOL00944;A112
VOL00945;A083
VOL00950;A073
VOL00952;A145
VOL00958;A128
VOL00961;A036
VOL00962;A039
VOL00973;A088
VOL00975;A127
VOL00979;A135
VOL00981;A102
VOL00993;A143
VOL00994;A007
VOL00997;A123
VOL01004;A129
VOL01006;A083
VOL01008;A102
VOL01010;A131
VOL01011;A075
VOL01013;A007
VOL01019;A010
VOL01021;A059
VOL01023;A126
VOL01027;A149
VOL01040;A131
VOL01041;A100
VOL01052;A116
VOL01054;A115
VOL01062;A028
VOL01072;A059
VOL01073;A146
VOL01074;A065
VOL01076;A131
VOL01077;A007
VOL01087;A118
VOL01095;A020
VOL01096;A028
VOL01098;A008
VOL01112;A049
VOL01119;A077
VOL01120;A009
VOL01121;A031
VOL01123;A037
VOL01128;A008
VOL01136;A149
VOL01139;A070
VOL01142;A123
VOL01145;A056
VOL01155;A045
VOL01156;A004
VOL01157;A148
VOL01159;A017
VOL01170;A001
VOL01180;A023
VOL01181;A095
VOL01194;A045
VOL01200;A075
VOL01201;A038
VOL01202;A127
VOL01211;A092
VOL01229;A029
VOL01233;A134
VOL01235;A148
VOL01236;A002
VOL01240;A059
VOL01248;A134
VOL00002;A083
VOL00005;A149
VOL00007;A025
VOL00010;A138
VOL00014;A090
VOL00016;A058
VOL00018;A069
VOL00020;A014
VOL00026;A044
VOL00028;A144
VOL00031;A015
VOL00032;A089
VOL00039;A146
VOL00040;A065
VOL00041;A008
VOL00055;A105
VOL00060;A014
VOL00063;A019
VOL00066;A106
VOL00068;A050
VOL00070;A046
VOL00081;A105
VOL00082;A098
VOL00085;A088
VOL00088;A080
VOL00095;A048
VOL00097;A103
VOL00102;A087
VOL00103;A116
VOL00107;A006
VOL00111;A096
VOL00117;A002
VOL00118;A084
VOL00121;A008
VOL00125;A018
VOL00137;A046
VOL00139;A046
VOL00152;A133
VOL00153;A043
VOL00163;A030
VOL00167;A064
VOL00174;A011
VOL00176;A016
VOL00183;A145
VOL00184;A148
VOL00186;A134
VOL00192;A035
VOL00193;A115
VOL00202;A007
VOL00207;A124
VOL00210;A128
VOL00214;A011
VOL00226;A078
VOL00238;A012
VOL00240;A026
VOL00241;A118
VOL00244;A082
VOL00246;A053
VOL00262;A096
VOL00263;A103
VOL00265;A040
VOL00266;A037
VOL00270;A147
VOL00271;A080
VOL00275;A003
VOL00296;A138
VOL00297;A084
VOL00303;A074
VOL00321;A029
VOL00328;A062
VOL00338;A082
VOL00341;A004
VOL00342;A040
VOL00343;A088
VOL00346;A090
VOL00348;A052
VOL00349;A015
VOL00354;A130
VOL00355;A017
VOL00360;A113
VOL00369;A037
VOL00375;A105
VOL00376;A133
VOL00390;A015
VOL00393;A031
VOL00403;A073
VOL00407;A126
VOL00410;A117
VOL00413;A117
VOL00422;A042
VOL00445;A094
VOL01612;A014
VOL01626;A011
VOL01629;A028
VOL01630;A141
VOL01635;A109
VOL01636;A053
VOL01639;A016
VOL01640;A003
VOL01646;A062
VOL01647;A060
VOL01654;A039
VOL01674;A057
VOL01676;A118
VOL01681;A028
VOL01683;A062
VOL01688;A115
VOL01689;A055
VOL01691;A026
VOL01709;A128
VOL01710;A130
VOL01715;A037
VOL01717;A097
VOL01719;A104
VOL02748;A071
VOL02753;A056
VOL02755;A085
VOL02758;A129
VOL02762;A072
VOL02782;A054
VOL02783;A051
VOL02784;A034
VOL02792;A031
VOL02809;A028
VOL02813;A019
VOL02816;A028
VOL02817;A112
VOL02819;A043
VOL02825;A085
VOL02831;A115
VOL02832;A109
VOL02834;A114
VOL02841;A104
VOL02843;A097
VOL02856;A102
VOL02857;A149
VOL02862;A138
VOL02866;A013
VOL02870;A062
VOL02875;A135
VOL02881;A141
VOL02884;A012
VOL02887;A053
VOL02896;A140
VOL02900;A043
VOL02909;A022
VOL02919;A138
VOL02920;A096
VOL02923;A039
VOL02930;A075
VOL02949;A098
VOL02951;A011
VOL02957;A013
VOL02959;A067
VOL02962;A089
VOL02965;A093
VOL02968;A136
VOL02973;A032
VOL02975;A106
VOL02978;A131
VOL02979;A059
VOL02983;A094
VOL02989;A142
VOL02994;A054
VOL02997;A143
VOL01729;A098
VOL01730;A121
VOL01733;A063
VOL01734;A017
VOL01743;A126
VOL01746;A109
VOL01754;A067
VOL01757;A044
VOL01761;A136
VOL01767;A059
VOL01775;A135
VOL01783;A048
VOL01787;A043
VOL01791;A024
VOL01809;A032
VOL01811;A142
VOL01812;A095
VOL01824;A129
VOL01841;A045
VOL01857;A104
VOL01860;A134
VOL01865;A135
VOL01870;A033
VOL01872;A053
VOL01893;A102
VOL01898;A113
VOL01903;A120
VOL01916;A090
VOL01917;A120
VOL01921;A076
VOL01922;A091
VOL01927;A123
VOL01930;A085
VOL01935;A003
VOL01939;A070
VOL01963;A010
VOL01967;A018
VOL01968;A040
VOL01969;A097
VOL01970;A085
VOL01977;A099
VOL01990;A107
VOL01991;A039
VOL01994;A146
VOL02002;A124
VOL02034;A104
VOL02036;A077
VOL02046;A026
VOL02063;A112
VOL02067;A107
VOL02073;A079
VOL02075;A125
VOL02076;A126
VOL02080;A111
VOL02094;A039
VOL02096;A110
VOL02099;A039
VOL02120;A001
VOL02127;A075
VOL02145;A122
VOL02146;A116
VOL02147;A092
VOL02148;A131
VOL02159;A039
VOL02160;A040
VOL02164;A031
VOL02167;A115
VOL02169;A039
VOL02170;A019
VOL02174;A149
VOL02179;A032
VOL02206;A048
VOL02216;A036
VOL02219;A127
VOL02222;A047
VOL02228;A096
VOL02231;A027
VOL02232;A124
VOL02238;A130
VOL02240;A136
VOL02258;A107
VOL02260;A147
VOL02265;A068
VOL02268;A059
VOL02269;A149
VOL02278;A116
VOL02279;A062
VOL02283;A013
VOL02288;A107
VOL02289;A005
VOL02297;A142
VOL02310;A085
VOL02317;A044
VOL02336;A062
VOL02343;A032
VOL02346;A120
VOL02355;A046
VOL02372;A008
VOL02373;A088
VOL02377;A132
VOL02383;A018
VOL02390;A095
VOL02394;A116
VOL02407;A035
VOL02409;A134
VOL02410;A144
VOL02413;A122
VOL02416;A142
VOL02425;A076
VOL02427;A028
VOL02429;A077
VOL02430;A036
VOL02439;A094
VOL02443;A077
VOL02446;A007
VOL02455;A030
VOL02458;A086
VOL02462;A148
VOL02464;A150
VOL02466;A060
VOL02469;A080
VOL02470;A141
VOL02471;A139
VOL02483;A108
VOL02490;A025
VOL02492;A028
VOL02493;A123
VOL02501;A041
VOL02502;A144
VOL02510;A005
VOL02516;A062
VOL02517;A105
VOL02518;A002
VOL02526;A016
VOL02531;A136
VOL02532;A075
VOL02536;A106
VOL02538;A074
VOL02541;A032
VOL02542;A108
VOL02544;A128
VOL02546;A030
VOL02547;A104
VOL02555;A064
VOL02561;A019
VOL02564;A056
VOL02571;A004
VOL02575;A053
VOL02580;A095
VOL02585;A071
VOL02586;A114
VOL02588;A038
VOL02590;A100
VOL02592;A049
VOL02604;A016
VOL02609;A053
VOL02612;A074
VOL02618;A004
VOL02636;A035
VOL02639;A125
VOL02641;A057
VOL02642;A142
VOL02645;A029
VOL02649;A066
VOL02653;A080
VOL02657;A146
VOL02672;A084
VOL02674;A108
VOL02679;A050
VOL02684;A065
VOL02687;A103
VOL02692;A098
VOL02694;A051
VOL02695;A063
VOL02697;A012
VOL02705;A059
VOL02708;A005
VOL02712;A036
VOL02720;A019
VOL02721;A027
VOL02728;A095
VOL02729;A025
VOL02730;A010
VOL02732;A003
VOL02733;A105
VOL01497;A058
VOL01504;A134
VOL01512;A144
VOL01514;A038
VOL01519;A072
VOL01523;A138
VOL01525;A079
VOL01528;A125
VOL01533;A121
VOL01534;A087
VOL01541;A065
VOL01542;A069
VOL01549;A062
VOL01560;A109
VOL01565;A093
VOL01570;A119
VOL01584;A124
VOL01586;A146
VOL01589;A088
VOL01594;A032
VOL01600;A049
VOL01602;A127
